1551897757656313856,WeslAlOdB1NXTKq,2022-07-26 11:50:32+00:00,貼り付け元のExcelの罫線やフォント等の設定を変えずにデータセットの中身だけをぺたりと貼り付ける方法知ってる人居たら教えて欲しいんだなも#Python #駆け出しエンジニアと繋がりたい#プログラミング初心者と繋がりたい,12,0,16,146,Twitter.com/WeslAlOdB1NXTKq/status/1551897757656313856,1
1551895858802618368,HotamMi,2022-07-26 11:43:00+00:00,0726 #今日の積み上げ✓CompositionAPIと遊ぶ（仲良くなってない。むず。明日もやる）✓Pythonに触れる（浮気か…スマンVueよ）今日はタスクが特になく、勉強勉強の一日でした。でも、１つ問題を叩くと、2つ問題が出てくる。ポッケの中のビスケットのようである。#駆け出しエンジニアと繋がりたい,20,0,432,383,Twitter.com/HotamMi/status/1551895858802618368,1
1551881246309249024,edu_haruki,2022-07-26 10:44:56+00:00,今回は基本に立ち返って、Pythonの組み込み型であるタプル、その違いと使いどころについて説明してみました。Pythonのリストとタプル　ちがいをはっきりさせよう https://t.co/jvmrU6S0Ft via @YouTube #プログラミング初心者#駆け出しエンジニアと繋がりたい,16,0,402,88,Twitter.com/edu_haruki/status/1551881246309249024,1
1551878880385937408,Python_yuu,2022-07-26 10:35:32+00:00,✅スクレイピングの要素の取り方・xpath・クラス、ID名・CSSセレクタ状況で要素の取り方を使い分けよう#プログラミング初心者#駆け出しエンジニアと繋がりたい,11,1,133,198,Twitter.com/Python_yuu/status/1551878880385937408,1
1551875970344587269,takane_p,2022-07-26 10:23:58+00:00,#今日の積み上げ　は完了！●ゼロ_Python_機械学習📗勾配法を理解しよう！【Pythonの実装】二乗和誤差　交差エントロピー誤差令和3年度の確定申告の修正で税務署に行く会社勤めの時は人事課まかせで楽だったなぁ〜☺️,10,1,153,84,Twitter.com/takane_p/status/1551875970344587269,1
1551869999043686400,Ltomu_website,2022-07-26 10:00:14+00:00,凄腕エンジニア👨‍💻の方に未経験就職するなら、これくらい読んで欲しいと言われた記事を流している個人的には難しい。主にPythonになるが、CSの分野もある🚀https://t.co/wNCvYUutQ4#駆け出しエンジニアとつながりたい#エンジニアあるある#Python#ウェブカツ#プログラミング初心者,9,0,533,326,Twitter.com/Ltomu_website/status/1551869999043686400,1
1551868094380838912,Inopy6,2022-07-26 09:52:40+00:00,Raspberry Pi＊(Scratch＋Python)＝「」: Today's English #026『Can I ～？』とは、別の『～してもいいですか？』 https://t.co/2RntX2mNnQ #プログラミング #プログラミング初心者 #プログラミング独学 #駆け出しエンジニアと繋がりたい #英語学習 #英語の勉強,13,0,53,80,Twitter.com/Inopy6/status/1551868094380838912,0
1551864653143085056,SE89649663,2022-07-26 09:39:00+00:00,"・複数言語学ぶつもりなら、最初にC言語を学ぶのはあり開発されたのが1990年と古く、多くのプログラミング言語がC言語の影響を受けている。Java,PHP,Perl,Pythonなど。基礎は似ているところがあるから次言語がスムーズに行きやすい。#駆け出しエンジニアと繋がりたい #プログラミング初心者",19,1,956,925,Twitter.com/SE89649663/status/1551864653143085056,1
1551858090416304138,tatsuya3162,2022-07-26 09:12:55+00:00,#今日の積み上げ基本情報技術者の過去問Python-izmを使って写経SHAKYOioでタイピング練習しながら写経今日は暑いぞう🐘🔥 #プログラミング初心者 #駆け出しエンジニアと繋がりたい  #プログラミング勉強中,24,1,130,130,Twitter.com/tatsuya3162/status/1551858090416304138,1
1551857578270814209,haruto_python,2022-07-26 09:10:53+00:00,#Kaeru Tether トークンインフルエンサーが拡散中だったり、YouTubeもアップされてて、中国マーケティングも進行中とのこと。テクニカル的にもファンダ的にも◎第２の #USAGI に。最後の買い場かも？？https://t.co/Wt37oktTgI#USDT #cryptocurrency,21,21,374,797,Twitter.com/haruto_python/status/1551857578270814209,0
1551843505986625538,HotamMi,2022-07-26 08:14:58+00:00,Udemyがセールをしておりまして、勉強したい欲でいてもたってもいられなくなり、Pythonの講義を買ってしまいました☺️数学キャラを、すこしは活かせるようになれるかな？ちょっとだけ覗いてみようと思います🙌 #Python #駆け出しエンジニアと繋がりたい https://t.co/cG2Q2oPpFB,14,0,432,383,Twitter.com/HotamMi/status/1551843505986625538,1
1551836165321285633,goemon_666,2022-07-26 07:45:48+00:00,"7/26(火)・卒研(Laravel, python)・助教の詰め・Figma触ってみる頭痛が痛くてheadacheなので早めに切り上げ#今日の積み上げ #Flutter #web制作 #フリーランス#駆け出しエンジニアと繋がりたい",22,0,59,132,Twitter.com/goemon_666/status/1551836165321285633,1
1551831397207195648,AT12806379,2022-07-26 07:26:51+00:00,pythonでPCからフレンド申請を送ってみる試み https://t.co/JWUWJuA6zs,12,1,353,224,Twitter.com/AT12806379/status/1551831397207195648,1
1551817098686390272,y__hayashi,2022-07-26 06:30:02+00:00,プログラミング初心者、駆け出しエンジニアの手伝いをします https://t.co/ucQNXnOUmk#buildree #php #Laravel #fuelphp #フレームワーク #apache #nginx #エンジニア #python #go #nodejs #プログラミング学習 #プログラミング初心者,15,3,175,70,Twitter.com/y__hayashi/status/1551817098686390272,1
1551809543515951104,nori_web_rmlive,2022-07-26 06:00:01+00:00,#駆け出しエンジニアと繋がりたい #プログラミング初心者#プログラミング独学🍀#デザインカンプコーディング 8日目今日はAbout💻日が空いたので準備に時間がかかりました😂今日はリハビリ程度で終了😇&amp;ProgateでPython学習😎徐々にエンジンかけるぞ🚘見本はこちら↓https://t.co/xAWtzCzajj https://t.co/7czcfPUiuM,30,2,257,123,Twitter.com/nori_web_rmlive/status/1551809543515951104,1
1551786899257274368,y__hayashi,2022-07-26 04:30:02+00:00,初心者の方はこれを使うと、すぐに勉強の環境が手に入ります https://t.co/ucQNXnOUmk#buildree #php #Laravel #fuelphp #フレームワーク #apache #nginx #エンジニア #python #go #nodejs #プログラミング学習 #プログラミング初心者,14,2,175,70,Twitter.com/y__hayashi/status/1551786899257274368,1
1551785576281808896,takeda_SC,2022-07-26 04:24:46+00:00,python のリスト内包表記って好きな人いるのかな,15,0,682,531,Twitter.com/takeda_SC/status/1551785576281808896,1
1551785069819219969,OP_MORI,2022-07-26 04:22:46+00:00,PHPとPythonの違いとは？特徴や習得難易度について解説#PHP #Python #フリーランスhttps://t.co/3e9yfW7t5n,10,0,905,894,Twitter.com/OP_MORI/status/1551785069819219969,1
1551783930688598016,MelonMechanical,2022-07-26 04:18:14+00:00,火曜日もコツコツ。（進捗率36%）#CCNA #Python #Swift #Xcode#駆け出しエンジニアと繋がりたい#プログラミング初心者と繋がりたい#プログラミング勉強中 #SQL#プログラマー #プログラミング https://t.co/I4rIL5ksBw,21,0,448,594,Twitter.com/MelonMechanical/status/1551783930688598016,0
1551780640370356225,tata_statispy,2022-07-26 04:05:10+00:00,データ加工には欠かせない知識だと思いますので良かったらぜひ！#駆け出しエンジニアと繋がりたい #プログラミング初心者と繋がりたい https://t.co/viiXzsw3aI,16,0,88,131,Twitter.com/tata_statispy/status/1551780640370356225,1
1551776464655515649,suzukaze_py,2022-07-26 03:48:34+00:00,【書籍】ゼロから作るシリーズ第３弾！作るからこそ見えるもの！ | https://t.co/enffvzhEmv#プログラミング初心者 #Python,10,0,613,707,Twitter.com/suzukaze_py/status/1551776464655515649,1
1551767154772480000,taro_Python,2022-07-26 03:11:34+00:00,毎日メンテがあって最高だな〜飼い主と全く戯れてくれずそそくさ自分の部屋に帰ろうとするアルビノ君#ボールパイソン https://t.co/N9mKZS5Ym1,10,0,542,334,Twitter.com/taro_Python/status/1551767154772480000,0
1551898163157823490,Sub_Leader,2022-07-26 11:52:09+00:00,新記事投稿！😊今回は転職で年収120万UPした私の転職活動のリアルを記事にしたガウ🐺「エンジニアって転職すれば年収は上がるの？」そんな疑問に答えた記事になります🙌特にエンジニア転職を考えている人必読です😤#転職 #駆け出しエンジニアと繋がりたい #ブログ初心者 https://t.co/1rbRYCIFhO,12,0,27,68,Twitter.com/Sub_Leader/status/1551898163157823490,1
1551896014851780609,GAEKH8,2022-07-26 11:43:37+00:00,入社一ヶ月で会社辞めた。理由はリリース後仕様がアホみたく変わる、PMがエンジニア経験ないなど。2社目は真逆。万が一仕様が変わる場合追加請求するし、PMはベテランエンジニア。どちらが普通？＃エンジニア　#プログラミング　#駆け出しエンジニアと繋がりたい,17,0,0,0,Twitter.com/GAEKH8/status/1551896014851780609,1
1551887636356546560,johngineerr,2022-07-26 11:10:19+00:00,エンジニアにとってキャッチアップ力は超重要です💡案件によって実装方法や思想が異なるのはよくあることです。そこでいかに案件先の実装に慣れるかが契約更新のキーとなります。Zoomとかでまとめて質問タイムをもらうのも手ですね😌#駆け出しエンジニアと繋がりたい #プログラミング初心者,15,0,845,147,Twitter.com/johngineerr/status/1551887636356546560,1
1551880913268592640,sho_egami,2022-07-26 10:43:36+00:00,小さい頃からスポーツばかりやっていて、PCなんかむしろ嫌いで、今頃エンジニアをやっているとは思ってもいませんでした。エンジニアという職業は難しいけど、やりがいはあるし、完成したときの達成感はたまらない😊#駆け出しエンジニアと繋がりたい #プログラミング #エンジニア,18,0,450,107,Twitter.com/sho_egami/status/1551880913268592640,1
1551875474606940160,SOTz2022,2022-07-26 10:22:00+00:00,案件はたくさんあるのに、その案件にマッチするエンジニア様ってなかなか見つからないものです…😞　エンジニア様随時募集しております🤲 #IT企業 #フリーランスエンジニア #駆け出しエンジニアと繋がりたい #求人募集,17,1,339,285,Twitter.com/SOTz2022/status/1551875474606940160,1
1551874687784960001,TakabotGo,2022-07-26 10:18:52+00:00,【侍エンジニアの無料体験】プログラミング超初心者のフリーター女子が5段階評価した結果とは？https://t.co/u4YnZTrZes#駆け出しエンジニアと繋がりたい#プログラミング初心者,14,0,166,123,Twitter.com/TakabotGo/status/1551874687784960001,1
1551874249849155584,pandanko27,2022-07-26 10:17:08+00:00,今日もお疲れ様でした～！！湿気が本当にスゴいですよね😣💦明日も引き続き頑張りますo(｀^´*)#エンジニア #駆け出しエンジニアと繋がりたい #エンジニア初心者,13,0,79,34,Twitter.com/pandanko27/status/1551874249849155584,0
1551872478690942976,OnlineManabi,2022-07-26 10:10:05+00:00,エンジニアには人間離れしている能力。完全に霊感体質な人、プロ霊媒師並みの霊感の持ち主、霊能力者、霊感レベル100の霊力の持ち主的な特殊能力はいらない。知識を増やすことに努力できる人なら向いていると思うよ。#駆け出しエンジニアと繋がりたい #転職 https://t.co/uyG5s8JoVL,10,2,359,1057,Twitter.com/OnlineManabi/status/1551872478690942976,0
1551870620077522944,i_like_ruby,2022-07-26 10:02:42+00:00,格安で #プログラミング学習 のメンターしています。無料相談実施中です！#プログラミング#エンジニア#プログラミング初心者#プログラミング初学者#駆け出しエンジニアと繋がりたい#駆け出しエンジニアとつながりたい#プログラミング初心者と繋がりたいhttps://t.co/6GyLApC4gD,10,0,439,110,Twitter.com/i_like_ruby/status/1551870620077522944,1
1551869999043686400,Ltomu_website,2022-07-26 10:00:14+00:00,凄腕エンジニア👨‍💻の方に未経験就職するなら、これくらい読んで欲しいと言われた記事を流している個人的には難しい。主にPythonになるが、CSの分野もある🚀https://t.co/wNCvYUutQ4#駆け出しエンジニアとつながりたい#エンジニアあるある#Python#ウェブカツ#プログラミング初心者,9,0,533,326,Twitter.com/Ltomu_website/status/1551869999043686400,1
1551866457960591360,OnlineManabi,2022-07-26 09:46:10+00:00,霊感レベル100%【霊能力者】圧倒的な霊力の持ってる人。無意識に幽霊に愛される人。良い霊も悪い霊もみんな憑りついちゃう。でも本人に自覚はない。モブサイコか⁉霊感はなくてとも、エンジニアにはなれますよ？(笑)#駆け出しエンジニアと繋がりたい https://t.co/uyG5s8JoVL,11,2,359,1057,Twitter.com/OnlineManabi/status/1551866457960591360,0
1551865141473513473,hikari0net,2022-07-26 09:40:56+00:00,ITエンジニアに転職したい既卒フリーター、第二新卒におすすめのIT・Web業界特化型のエージェントをプロフィールにまとめてますこの業界資格もいらないのに高収入だしスキルを磨けばフリーでもやっていけてる人がいるから一発逆転できる職でもある#駆け出しエンジニアと繋がりたい,11,0,883,377,Twitter.com/hikari0net/status/1551865141473513473,1
1551863808611983360,suica_diary,2022-07-26 09:35:38+00:00,お仕事って基本これ。#プログラミング#エンジニア#駆け出しエンジニアと繋がりたい https://t.co/l7ndHTBC6S,10,0,277,266,Twitter.com/suica_diary/status/1551863808611983360,1
1551862389657796608,reatech_ses,2022-07-26 09:30:00+00:00,はじめまして！自己紹介します🌷！★元エンジニア特化型求人の営業★学生時代はダンスと英語のお勉強★好きなことはサウナ、週1行きます。エンジニアの皆様と繋がりたいと思っておりますので、よろしくお願いします！#エンジニア採用#駆け出しエンジニアと繋がりたい #エンジニアと繋がりたい,11,0,509,667,Twitter.com/reatech_ses/status/1551862389657796608,1
1551860906941788160,aburasobablog,2022-07-26 09:24:07+00:00,私も未経験から GAOGAO へ参画し、エンジニアさせていただいております！Wantedly の応募はちょっと.. という方は、私と Meety でラフにお話ししましょう！ https://t.co/vIGLDqlnJ8,14,3,196,188,Twitter.com/aburasobablog/status/1551860906941788160,1
1551858377390985217,mkb_hayano,2022-07-26 09:14:03+00:00,----------・30代・未経験・インフラエンジニア・転職----------な方、ぜひ繋がってくださいm(_ _)m小さな会社だと同期はいないですし、同じ境遇の方もいないものです。ぜひ一緒に悩んだり、励ましたり、学んだりさせてください。フォロバさせていただきます。,28,1,68,83,Twitter.com/mkb_hayano/status/1551858377390985217,1
1551856581989388288,scaperec,2022-07-26 09:06:55+00:00,昨日はデコレさんにて新曲のレコーディングでした！シンガーYun*chiさんとエンジニアのさくらいさんと😊音はもちろんですが居心地もいいスタジオなのでハイクラスな音を求めてる皆さんにお勧めです🙌🎧#StudioDecorer#Yunchi#初台#レコーディングスタジオ https://t.co/Wkwp2g6Mrl,10,2,966,892,Twitter.com/scaperec/status/1551856581989388288,0
1551855781980434432,takazutakazu77,2022-07-26 09:03:45+00:00,フォロワー100人いきました！小さな一歩ですが嬉しいです。これからもコツコツと発信していきます。(すぐに二桁になるのは止めてくれ笑)#駆け出しエンジニアと繋がりたい #エンジニア　#エンジニア転職 #SES https://t.co/XHR0yRgeuR,19,0,101,53,Twitter.com/takazutakazu77/status/1551855781980434432,1
1551585189423288320,noocri,2022-07-25 15:08:30+00:00,本日の学習記録「Python for data science and machine learning bootcamp」Chapter19まで読書運がいいと言われる人の脳科学Vol12まで決定木とランダムフォレスト#エンジニア#機械学習#読書#今日の積み上げ,10,3,38,30,Twitter.com/noocri/status/1551585189423288320,1
1551570535196200960,higamasa21,2022-07-25 14:10:17+00:00,クラスタ分析のk-means法について勉強しました✨ついに始まった教師なし学習最もよく知られている(らしい)k-means法は便利だが、クラスタの数を指定しなきゃならない対策として、エルボー法で最適な個数を事前に求めるのが一般的みたい#Python #機械学習 #駆け出しエンジニアと繋がりたい,18,0,26,57,Twitter.com/higamasa21/status/1551570535196200960,1
1551355283527544832,Bedyu1VlD7BXWyU,2022-07-24 23:54:57+00:00,双曲平面上が階層構造をコンパクトに表現できることを利用して、自然言語処理のword2vecの機械学習に応用されているみたいな記事を発見してはえーってなった。#機械学習 #幾何学https://t.co/RYS8h490Px,31,6,37,65,Twitter.com/Bedyu1VlD7BXWyU/status/1551355283527544832,1
1551130126888337408,hirasu1231,2022-07-24 09:00:15+00:00,Python + ESPnetで日本語の音声合成(TTS)を実装するhttps://t.co/W0giIc6BoH#Python #AI #機械学習#ESPnet #機械音声 #音声合成#プログラミング#プログラミング勉強中#駆け出しエンジニアと繋がりたい#駆け出しwebデザイナーと繋がり,18,0,154,354,Twitter.com/hirasu1231/status/1551130126888337408,1
1551067772763127808,selfdevelop2019,2022-07-24 04:52:29+00:00,ブログ連続更新835日#ブログ #プログラミング勉強中  #プログラマー #機械学習 #スクレイピング #Python #プログラミング #PHP #Ubuntu #仮想通貨 #メタバース #プログラミング独学 https://t.co/l9KlZ1aTZL,10,0,135,0,Twitter.com/selfdevelop2019/status/1551067772763127808,1
1550824073432670209,ai_gajumaru,2022-07-23 12:44:06+00:00,どのテーマにどの特徴量があると良いかは一概に言えないが、需要予想の場合は大抵過去実績が一番効く。#AI #機械学習 #人工知能,15,1,161,210,Twitter.com/ai_gajumaru/status/1550824073432670209,1
1550426775783866368,gigagent,2022-07-22 10:25:23+00:00,「Pythonで儲かるAIをつくる」プログラムの勉強というより統計の勉強になった。統計勉強した事ない人はキツイかも。#Python #AI #機械学習 #駆け出しエンジニアと繋がりたい #プログラミング初心者と繋がりたい #独学 #儲け #勉強 #統計 https://t.co/7tLSu0G64L,27,2,62,153,Twitter.com/gigagent/status/1550426775783866368,1
1550262244159926272,gigagent,2022-07-21 23:31:36+00:00,今日は午前中雨みたいなので引き続きAIの勉強。この本、プログラムと言うよりAIに学習させるためのデータ準備、アルゴリズムの特徴、評価、チューニングについて書かれている。#独学　#勉強 #AI #機械学習 #プログラミング初心者と繋がりたい #駆け出しエンジニアと繋がりたい #ギクワーク https://t.co/uQFPOPiulI,13,0,62,153,Twitter.com/gigagent/status/1550262244159926272,1
1550074357703012352,yasunori_cv,2022-07-21 11:05:00+00:00,YOLOシリーズのリンク集著者も書いてくださっているので、改めて、どれが本家から繋がっているのかを思い出せました。#機械学習#AIhttps://t.co/OZwX0ciFmL,10,2,177,309,Twitter.com/yasunori_cv/status/1550074357703012352,1
1549345682946789376,noocri,2022-07-19 10:49:30+00:00,本日の学習記録「Python for data science and machine learning bootcamp」Chapter14まで 明日はお健康診断(人間ドッグ)。この後少し政経系列のYoutubeチャンネル見てから素直にねまーす。#エンジニア#機械学習#今日の積み上げ,12,0,38,30,Twitter.com/noocri/status/1549345682946789376,1
1549324799289487367,H4Tnuy,2022-07-19 09:26:31+00:00,自然言語処理の用語が紛らわしかったので１問１答を作りました！25問ほどで5分もかからないかと思いますので、ぜひ力試ししてみてください。（間違いや不足している分野があれば、DMで教えて頂けると幸いです。）#自然言語処理#AI#機械学習 #G検定 #統計検定 https://t.co/UfIuLUVxSt,12,0,226,422,Twitter.com/H4Tnuy/status/1549324799289487367,1
1549239309559283712,yangjiayi82,2022-07-19 03:46:49+00:00,今回のテーマも「#AzureML」です。#Azure #Machine #Learning を使った #機械学習 ML Pipeline Demoです。@hiro_gamo さんから皆さんに、Azure MLの開発情報をお届けします。参加登録はこちらです。https://t.co/edL909QzNQ#JSSUG#AzureRockStar#駆け出しエンジニアと繋がりたい #MLOps,13,4,322,600,Twitter.com/yangjiayi82/status/1549239309559283712,1
1548958116678471680,ai_gajumaru,2022-07-18 09:09:27+00:00,作成したモデルを理解する方法に、Permutation Importanceというものがある。これは特徴量の重要度を数値化したもの。重要な特徴量が人間の感覚に近いと、モデルの利用者に受け入れてもらいやすい。#AI #機械学習 #人工知能,16,1,161,210,Twitter.com/ai_gajumaru/status/1548958116678471680,1
1548802557425770497,tomoharoharo,2022-07-17 22:51:19+00:00,AIがマイクラをプレイ。学習元はyoutube動画。タグによって学習している模様。目標値がなくても、動画とそのタグで教師あり学習する発想は、いろいろ使えそう。#プログラミング初心者#駆け出しエンジニアど繋がりたい#AI#機械学習#DL #マインクラフト https://t.co/4t7FIHMMcT,12,1,314,297,Twitter.com/tomoharoharo/status/1548802557425770497,1
1548593446608314368,hirasu1231,2022-07-17 09:00:23+00:00,Google Colab + Selenium + Deeplで機械翻訳を実施するhttps://t.co/tmaz0D5NYh#Python #AI#機械学習 #機械翻訳 #プログラミング#プログラミング勉強中 #駆け出しエンジニアと繋がりたい #駆け出しwebデザイナーと繋がり,13,0,154,354,Twitter.com/hirasu1231/status/1548593446608314368,1
1548336915979829248,e8cckInOxAiyuRY,2022-07-16 16:01:02+00:00,話者認識の研究をしている大学4年です。将来はデータサイエンス関係のお仕事をやりたいです。勉強のモチベーション上げるべくTwitter始めました。勉強仲間募集しております！！#データサイエンティスト#機械学習#駆け出しエンジニアと繋がりたい #プログラミング初心者と繋がりたい,28,0,4,10,Twitter.com/e8cckInOxAiyuRY/status/1548336915979829248,1
1551668619175931904,Kamichan_R,2022-07-25 20:40:02+00:00,おはようございます😆#朝活 340日目です！&gt;#今日の積み上げ#散歩  #ディープラーニング #読書今日は朝イチで大学があります！レポート課題がたくさんあるので、早めに消化したいと思います！今日も良い1日を〜😁,16,0,147,140,Twitter.com/Kamichan_R/status/1551668619175931904,0
1551502862387400704,xW4XZWGKVhZLqnj,2022-07-25 09:41:22+00:00,ウチのAI猫型ロボットが、ドアの開け方ディープラーニングで取得しようとしてる！#ねこ ＃猫 ＃ネコ https://t.co/w0apqqJELo,12,1,41,60,Twitter.com/xW4XZWGKVhZLqnj/status/1551502862387400704,1
1551373960771956736,ysni_pub,2022-07-25 01:09:10+00:00,利用者の許可を取った上でキーボードの打鍵情報を収集して最強のキーボード配列を作ろう！！IoT！！ビッグデータ！！ディープラーニング！！,10,3,361,231,Twitter.com/ysni_pub/status/1551373960771956736,1
1551306120912064512,Kamichan_R,2022-07-24 20:39:35+00:00,おはようございます😆#朝活 339日目です！&gt;#今日の積み上げ#散歩  #ディープラーニング #読書今日は朝から曇天で、なんとも微妙な天気です。そんな中でも今から散歩に行ってきます！今日は大学が2限からあり、朝は少し時間があるので自分の勉強に使いたいと思います！今日も良い1日を〜😁,14,0,147,140,Twitter.com/Kamichan_R/status/1551306120912064512,0
1551305672972976129,Kamichan_R,2022-07-24 20:37:48+00:00,おはようございます😆#朝活 338日目です！&gt;#今日の積み上げ#散歩  #ディープラーニング #読書昨日、投稿し忘れたので、今日の分と一緒に投下します！昨日は、レポート課題を朝からずっとやっていました。そのおかげで結構進んだのでよかったです！,11,0,147,140,Twitter.com/Kamichan_R/status/1551305672972976129,0
1550989875469381632,nununi_b,2022-07-23 23:42:56+00:00,夏休み中の自習科目はこちら。11月にディープラーニングG検定の試験を受けるつもり。「AIシステムと人・社会との関係」での学びを補強したいと思います。 https://t.co/wncbuoAggd,11,0,625,598,Twitter.com/nununi_b/status/1550989875469381632,1
1550407094368473088,miyashin_prg2,2022-07-22 09:07:11+00:00,写真に写っている、あんなモノやこんなモノまでの距離をPythonで推定する方法をご紹介します！思っていたより精度が良かったのでビックリ！#Python#ディープラーニング #opencv #プログラミング勉強中 #プログラミング独学 #今日の積み上げ#プログラミングhttps://t.co/jxrCxnPm6H,11,1,108,54,Twitter.com/miyashin_prg2/status/1550407094368473088,1
1550367557928239104,nose_izumo,2022-07-22 06:30:04+00:00,今週はずっとゼロD読んでるだけだったからslackで返信する時にキーボード触ったのが久しぶり感あった。そろそろプログラム書きたい...てことであと半日頑張りましょー！#Python#ディープラーニング #DeepLearning#自然言語処理 #エンジニアと繋がりたい #プログラミング初心者と繋がりたい,10,0,88,64,Twitter.com/nose_izumo/status/1550367557928239104,1
1550349379504328705,wakuchan_mama,2022-07-22 05:17:50+00:00,久しぶりにブログと全く関係なく読書してみた📚。タイトルは「人工知能」監修は東大特任准教授の松尾豊氏。うちの家にも Google Home があるけどディープラーニングに貢献してるのかな？なんてね😉,9,0,199,356,Twitter.com/wakuchan_mama/status/1550349379504328705,1
1550220929086914560,Kamichan_R,2022-07-21 20:47:25+00:00,おはようございます😆#朝活 336日目です！&gt;#今日の積み上げ#散歩  #ディープラーニング #読書あっという間に金曜日。早いものですね。今日は色々あって昼から大学なので、朝のうちは考査のための勉強をしたいと思います！今日も良い1日を〜😁,14,0,147,140,Twitter.com/Kamichan_R/status/1550220929086914560,0
1549964684731641856,Jix7M5,2022-07-21 03:49:12+00:00,●昨日の勉強内容・AI    ディープラーニングとエキスパートシステム・顔認識システム・文字判定、学習今日も追い込みかけていきます#駆け出しエンジニアと繋がりたい #転職活動 #プログラミング勉強中,13,0,102,163,Twitter.com/Jix7M5/status/1549964684731641856,1
1549768984089702400,2egift2e1220,2022-07-20 14:51:33+00:00,長男曰く○○サイエンス満遍なくサラーっとなイメージ(学校の授業と同じスタイル)別□ニュートン1つのテーマをこれでもかって掘り下げて当にディープラーニングが可能俺の深～い知識はほぼ別□ニュートンからってことで別□ニュートン5年定期購読決定☑️←お得朝読書ガン寝長男に📚️,11,0,306,320,Twitter.com/2egift2e1220/status/1549768984089702400,1
1549747978134757376,nose_izumo,2022-07-20 13:28:05+00:00,#今日の積み上げ・ゼロから作るDeepLearning (P.217~P.318)明日はインターンの出勤だから作業できるのは出勤前と退社後かな〜。1日お疲れ様でした！明日も頑張りましょ！#Python#ディープラーニング #DeepLearning#自然言語処理 #エンジニアと繋がりたい #プログラミング初心者と繋がりたい,13,0,88,64,Twitter.com/nose_izumo/status/1549747978134757376,1
1549650316567519232,eeeeg_jp,2022-07-20 07:00:01+00:00,コーディングするのには事前準備にお金がかかる！と思っている方もいらっしゃるかもしれませんが、1万円台のパソコンでも勉強は可能です☺️※本格的にディープラーニングしたいとかでなければ😂https://t.co/tOQdH2awLf#駆け出しエンジニアと繋がりたい #Windows11 #mouse #今日の積み上げ,23,1,17,1,Twitter.com/eeeeg_jp/status/1549650316567519232,1
1549597750408642560,kom_pal_,2022-07-20 03:31:08+00:00,8月になってディープラーニングされた彼のAIが何事もないかのように配信し始める。という最悪な夢物語。語彙やテンポはそのままに、発音や動きがどこかぎこちない。リスナーはその違和感を感じつつも気付かないフリをして、「黛がいる」という幻想に甘え受け入れるしかない地獄。 ...という夢。,15,1,232,105,Twitter.com/kom_pal_/status/1549597750408642560,1
1549553950520516609,nose_izumo,2022-07-20 00:37:05+00:00,おはようございます〜今日は一日ゼロから作るDeepLearningやり込みます〜今日も一日頑張りましょ〜！#Python#ディープラーニング #DeepLearning#自然言語処理 #駆け出しエンジニアと繋がりたい #エンジニアと繋がりたい #プログラミング初心者と繋がりたい,14,0,88,64,Twitter.com/nose_izumo/status/1549553950520516609,0
1549506815112531968,Kamichan_R,2022-07-19 21:29:47+00:00,おはようございます😆#朝活 334日目です！&gt;#今日の積み上げ#散歩  #ディープラーニング #読書今日は大学が無いので、自分の好きな勉強とレポートの作成に時間をかけたいと思います！夏休みまでもう少し。気を抜かず、頑張って勉強していきます！今日も良い1日を〜😁,12,0,147,140,Twitter.com/Kamichan_R/status/1549506815112531968,0
1549319885309853696,nk_technest,2022-07-19 09:07:00+00:00,よく似た文脈で使われる「人工知能(AI)」「機械学習」「深層学習(ディープラーニング)」の違いをまとめました🤖理解のポイントは「データの中で着目すべき特徴」と「判断ルール」を見つけるのは人間か？AIか？です。#駆け出しエンジニアと繋がりたい#AI #人工知能 https://t.co/i3P4Iw4Os3,18,0,121,137,Twitter.com/nk_technest/status/1549319885309853696,1
1549143543091933184,nose_izumo,2022-07-18 21:26:17+00:00,おはようございます〜4時間半しか寝てないのに6時に目が覚めました。仮眠挟んで頑張ります😂今日も頑張りましょー！#Python#ディープラーニング #DeepLearning#自然言語処理 #エンジニアと繋がりたい #プログラミング初心者と繋がりたい,12,1,88,64,Twitter.com/nose_izumo/status/1549143543091933184,0
1549130645502173184,Kamichan_R,2022-07-18 20:35:02+00:00,おはようございます😆#朝活 333日目です！&gt;#今日の積み上げ#散歩  #ディープラーニング #読書3連休もあっという間に終わり、今日からまた大学です！休み中は色々勉強出来たので良かった。今日からも頑張っていきます👍今日も良い1日を〜😁,15,0,147,140,Twitter.com/Kamichan_R/status/1549130645502173184,0
1551902924628193282,01l111,2022-07-26 12:11:04+00:00,api死んだ😇 https://t.co/8Cc7yZilYV,15,0,283,19,Twitter.com/01l111/status/1551902924628193282,1
1551889312752730113,rinkadesu0805,2022-07-26 11:16:59+00:00,#今日の積み上げ✅ Vue課題18・ページネーションの勉強・Udemyの講座を視聴(Vue.3、Google Books Api等) Vue.2 → Vue.3 の書き方の変換に苦戦している……😣#ゆる日報#駆け出しエンジニアと繋がりたい,17,0,382,483,Twitter.com/rinkadesu0805/status/1551889312752730113,0
1551885749703716864,tomo_49_Rei,2022-07-26 11:02:50+00:00,#山下智久のWeibo 山P💜Weiboもありがとう🙌🏻🥰😍🥊🥊🥊🥊　workout 💪🏻頑張ってね~大好き〜〜💕https://t.co/vwIeDEkl9q山P♡luv u⭐︎💫#山下智久　やまぴー#Forever_in_My_Heart @Tomohisanine山下智久/Forever in My Heart https://t.co/M79QFudD4B,16,4,227,265,Twitter.com/tomo_49_Rei/status/1551885749703716864,0
1551874719900729344,G_Charlie_Liuyu,2022-07-26 10:19:00+00:00,"Despite being a big star, he's very approachable🛬Cr.明星机场图https://t.co/npP07zhTBO#Liuyu #刘宇 #リュウユ#리우위 #หลิวอวี่ #LưuVũ https://t.co/Z1solTOml2",24,6,465,124,Twitter.com/G_Charlie_Liuyu/status/1551874719900729344,0
1551862267439767558,44vMzFHtnInxGrf,2022-07-26 09:29:31+00:00,今日は結合確認と不具合修正でおわり〜。curlでダウンロードAPI実行したら長々と文字だけが返ってきてたけど-O オプション付けるだけでよかったのね。リクエスト情報をcurl用に変換してくれるツールないかな🤔今日も一日お疲れ様でした❗️#駆け出しエンジニアと繋がりたい#プログラミング初心者,10,0,568,548,Twitter.com/44vMzFHtnInxGrf/status/1551862267439767558,1
1551857256358354950,Tuki_Maboroshi,2022-07-26 09:09:36+00:00,やまぴー💕weiboも更新💞インスタにTwitter たくさんありがとう😊https://t.co/9jFZ0pUm9t #山下智久のweibo #山下智久,17,3,353,352,Twitter.com/Tuki_Maboroshi/status/1551857256358354950,0
1551855942848851968,trade_kano,2022-07-26 09:04:23+00:00,何度目かの..!雑多垢ありますので雑多同士でお繋がりしたいですᐡ ߹𖥦߹ ᐡ❤︎呼びタメも〜🤍♡下さった方ワンクなしでいきなりdm飛ばします( ◜◡◝ )❕誤反応注意- ̗̀⚠︎ ̖́-多分前回飛べてない人いた気がして泣いちゃってるAPIに呼び出しくらいすぎて通知漏れすみません(T＿T)流れ星の画像付 https://t.co/zXrSvcoMhE,11,0,273,277,Twitter.com/trade_kano/status/1551855942848851968,0
1551853529412673536,chachacha6622,2022-07-26 08:54:48+00:00,API頑張りすぎ……これから飲み飲み行ってきまぁす…♡隣の席で…お顔真っ赤にしてる子がいたら…うちかもね…♥ https://t.co/MHy0tQK2Qv,16,0,914,341,Twitter.com/chachacha6622/status/1551853529412673536,0
1551852612781473799,49tomo_luv,2022-07-26 08:51:09+00:00,https://t.co/5pUM1tcYPUやまぴー♡weiboもありがとう💗#山下智久 #山下智久のweibo,73,16,179,169,Twitter.com/49tomo_luv/status/1551852612781473799,0
1551850027118538753,chima28368492,2022-07-26 08:40:53+00:00,Weiboもありがとう♡旅先のお写真だね🤭#山下智久のWeibohttps://t.co/GqfTI6DQ9f,14,2,211,152,Twitter.com/chima28368492/status/1551850027118538753,0
1551818286651826177,G_Charlie_Liuyu,2022-07-26 06:34:45+00:00,"Hahaha, the cross legged standing posture is so cute, Xiaoyu baby💗Cr.宠老婆冠军人物https://t.co/CcW7lMMiw0#Liuyu #刘宇 #リュウユ#리우위 #หลิวอวี่ #LưuVũ https://t.co/vNoBh7xHcX",26,11,465,124,Twitter.com/G_Charlie_Liuyu/status/1551818286651826177,0
1551804495319146496,10tealights,2022-07-26 05:39:57+00:00,■Day162・Teckpit教材 まとめ・PFアイデア再考■Day163目標・PFアイデア再考続き(だいたい決まった？)・Rails API 課題3ポートフォリオレビューのチャンネル一気に遡って受講生のREADME読ませてもらった。ひさじゅさんおすすめの原体験ドリブンも買ったぞ💨#RUNTEQ #1000時間チャレンジ,11,0,400,355,Twitter.com/10tealights/status/1551804495319146496,1
1551798453608521728,G_Charlie_Liuyu,2022-07-26 05:15:57+00:00,See you later~Cr.醉梦盏·0824https://t.co/dDn93YSKWh#Liuyu #刘宇 #リュウユ#리우위 #หลิวอวี่ #LưuVũ https://t.co/mZmlWM3O4Q,26,8,465,124,Twitter.com/G_Charlie_Liuyu/status/1551798453608521728,0
1551797926510444544,G_Charlie_Liuyu,2022-07-26 05:13:51+00:00,🕶️Cr.ABENTEUER丨刘宇https://t.co/G7TuLWykFY#Liuyu #刘宇 #リュウユ#리우위 #หลิวอวี่ #LưuVũ https://t.co/5nNl26HApW,38,25,465,124,Twitter.com/G_Charlie_Liuyu/status/1551797926510444544,0
1551789391219081217,MDZS90195033,2022-07-26 04:39:56+00:00,220726 10:00 电影热烈 投稿🦁映画初ティザー到着‼️🦁『コーチもし僕が上手く踊れたらチームに残れるチャンスがあるかな？』🕺『それは君の腕次第✨』ふぅー🔥🔥🔗 https://t.co/ZtYjbLKK1x https://t.co/m1hzf4uSpK,88,6,941,72,Twitter.com/MDZS90195033/status/1551789391219081217,0
1551760400860848128,Apple_aselora,2022-07-26 02:44:44+00:00,Web版TwitterだとAPI引っかかんないのいいね,16,0,660,703,Twitter.com/Apple_aselora/status/1551760400860848128,1
1551753907747311616,Api_5980,2022-07-26 02:18:56+00:00,卒検前効果測定 1発合格!!✌ https://t.co/po4K1GbIvA,16,0,91,90,Twitter.com/Api_5980/status/1551753907747311616,0
1551744832942776320,api_cha_,2022-07-26 01:42:52+00:00,久々に懸賞の編成更新した_(:3」z)_どなたか使ってください_(:3」z)_#ギアスト応援隊 https://t.co/EFzXhEireD,14,0,190,154,Twitter.com/api_cha_/status/1551744832942776320,0
1551738382052917248,i_am_chugen,2022-07-26 01:17:14+00:00,おはようございます!現在、ドットインストールを使って学習中。本日から「Webサイトに動きをつけよう」を受講しています！■気づき再度登場。Intersection Observer API。監視対象の要素取得→callbackの関数を記述→初期化→observeメソッドで監視　と理解しました#プログラミング初心者,12,0,72,104,Twitter.com/i_am_chugen/status/1551738382052917248,1
1551738028770885632,160_26_,2022-07-26 01:15:50+00:00,昨日は研修でPythonとDjangoをインストールした^^今日は午後からREST APIについてやる「Python 学習レッスン I」コースを修了しました！ https://t.co/TA3E9putzS #Progate #エンジニアと繋がりたい #駆け出しエンジニアとつながりたい,10,0,53,125,Twitter.com/160_26_/status/1551738028770885632,1
1551728107094437888,darquro,2022-07-26 00:36:25+00:00,記事を投稿しました！ iOSアプリの機密情報(API Key/Secrets etc.)をセキュアに管理する [Arkana] on #Qiita https://t.co/Y9OFNIT1YN,11,2,221,333,Twitter.com/darquro/status/1551728107094437888,1
1551724790394015744,hiroyukicom4,2022-07-26 00:23:14+00:00,クラウド電話APIサービスTwilio（トゥイリオ）Twilioは電話やテキストメッセージ、Eメール、チャット、LINE、ビデオ通話など、さまざまな通信手段をクラウドで提供するAPIサービスです。https://t.co/SdOI5nEwPL#IT  #プログラミング #ITエンジニア #webデザイン,11,0,162,266,Twitter.com/hiroyukicom4/status/1551724790394015744,1
1551714386305093632,cottonbynyoROBO,2022-07-25 23:41:53+00:00,そんなに更新してないのにAPIの回数超えるのなんなんだい？🥺,10,0,909,471,Twitter.com/cottonbynyoROBO/status/1551714386305093632,1
1551841951292334081,6km6km,2022-07-26 08:08:47+00:00,明日の17:00から、「データサイエンティスト/プロジェクトマネージャー二人三脚の小売DX」というタイトルで話します！ https://t.co/YFqtgamxze https://t.co/GZcqjujkyc,15,4,630,566,Twitter.com/6km6km/status/1551841951292334081,1
1551770220318294016,303frostea,2022-07-26 03:23:45+00:00,データサイエンティスト検定試験日未定のままなので、G検定勉強再開。統計検定準１級も学習し始めます。統検年内には受検したいな。,11,0,94,86,Twitter.com/303frostea/status/1551770220318294016,1
1551600650777427969,mimiumano,2022-07-25 16:09:57+00:00,実際、10年やった救急医もブランクが長いし、公衆衛生についても2年座学をやっただけで(しかも日本語が堪能な教授のもとで)、データサイエンティストとして働いていると言ってもこちらも2年目なので色々中途半端になってるのはわかるんだけど。自分に厳しくないな、とは思いますね……。,69,24,351,531,Twitter.com/mimiumano/status/1551600650777427969,1
1551216783972917249,nopanty_nopanty,2022-07-24 14:44:36+00:00,データサイエンティスト4人で飲んでたのに、誰ひとりお会計の割り算できなかった,14,0,774,476,Twitter.com/nopanty_nopanty/status/1551216783972917249,1
1551141772096843776,Julia_Crora,2022-07-24 09:46:31+00:00,どう見たってバリバリ営業の人か闇金の裏組織にいそうな詐欺チックなトップ画なのに、こう見えてデータサイエンティストになりたくて、AI領域を勉強してます。初心者なので優しくしてください笑#駆け出しエンジニア #駆け出しエンジニアと繋がりたい,11,0,15,21,Twitter.com/Julia_Crora/status/1551141772096843776,1
1550604065469771777,holywater044,2022-07-22 22:09:52+00:00,誰か教えてください。事業部門のビジネスパーソンで、Tableauとか使ってデータドリブンに行動する人って、何かいい呼び方ないでしょうか？（分析専門家（データサイエンティスト）と対比したい）シチズンデータサイエンティストはちょっと違う気がするし、データピープルはビジネス向けでない気が,15,2,79,110,Twitter.com/holywater044/status/1550604065469771777,1
1550414564587474944,HacarusInc,2022-07-22 09:36:52+00:00,【登壇情報🎤】8/7(日)に開催される JAWS-UG京都にHACARUS データサイエンティストの宇佐見 @USAvich_1p とアプリケーションエンジニアの内野 @ucn_hiro が登壇いたします💡今回は久々のオフラインでの開催です！会場でお会いしましょう！#エンジニア #勉強会 #jawsug #AI https://t.co/cpda7bOUSU,17,5,548,41,Twitter.com/HacarusInc/status/1550414564587474944,1
1550350738555310080,fuemo_akira_t,2022-07-22 05:23:14+00:00,ラボベースで志望職種をデータサイエンティストに変更したら、大手からのスカウトがめっちゃ届くようになった,12,0,523,363,Twitter.com/fuemo_akira_t/status/1550350738555310080,1
1549891544072990720,greenlanachan,2022-07-20 22:58:34+00:00,コロナ専門家という触れ込みのデータサイエンティスト？が市長になったはずなのに、何のメリットもアドバンテージもありませんでしたね市民には… https://t.co/lVN47TkGH0,33,32,4,0,Twitter.com/greenlanachan/status/1549891544072990720,1
1549707986725408769,chaeunwoo_24,2022-07-20 10:49:10+00:00,サマーインターンシップの日程出揃いました！マーケティング 1day  オンラインIT 2days オンラインデータサイエンティスト5days 東京データサイエンティスト 5days 大阪DXエンジニア 2days 東京メーカー 1day 神奈川充実した夏休みにするぞ😳#24卒と繋がりたい #就活生と繋がりたい,23,1,76,39,Twitter.com/chaeunwoo_24/status/1549707986725408769,1
1549671806860402689,chaeunwoo_24,2022-07-20 08:25:24+00:00,受かってた😭😭😭データサイエンティスト5days👍 https://t.co/SZQvoOBGpF,11,0,76,39,Twitter.com/chaeunwoo_24/status/1549671806860402689,1
1551847816678748160,ExploratoryJP,2022-07-26 08:32:06+00:00,先日、弊社の西田が登壇させていただいた北陸大学様主催の「データサイエンス・AI教育シンポジウム」の録画を公開いただきました。「学校からはじまるデータサイエンスの民主化」についてお話をさせていただきましたので、ご興味がある方は是非ご視聴ください！https://t.co/5TRlcZitTD,14,5,356,13,Twitter.com/ExploratoryJP/status/1551847816678748160,1
1551819315229298689,fajoa,2022-07-26 06:38:50+00:00,加熱するデータサイエンス教育　ITベンダーの支援が秘める可能性 | 週刊BCN+北陸大学における田尻先生との取組みが取り上げられました。tableau  https://t.co/bUxMxNQoX2,10,1,989,860,Twitter.com/fajoa/status/1551819315229298689,1
1551770541568053252,cawa59472921,2022-07-26 03:25:02+00:00,データの分析と知識発見の単位認定試験が完了。この科目はデータサイエンスの入門的知識の体系的な習得に良さそう。#放送大学#心理学,15,0,243,238,Twitter.com/cawa59472921/status/1551770541568053252,1
1551520395924328448,OmathinB,2022-07-25 10:51:02+00:00,「プログラミングどうやって勉強したんですか？」と聞かれるので簡単に答えると、・Web系SkillHacks→アプリ改造しながらUdemy・データサイエンスAidemy→Kaggle結局はスクールや教材で学んでスタート切ったほうが効率的https://t.co/guMIqWNISD#python #プログラミング初心者,15,0,610,173,Twitter.com/OmathinB/status/1551520395924328448,1
1551378685151744001,tdu_irc,2022-07-25 01:27:56+00:00,当アカウントを作ってから、大学関連や学生のフォロー全く増えなくて、データサイエンス界隈からのフォロワーが着実に増えており、学生の皆様からの認知度を痛切に感じているので、もうこのままデータサイエンスクラスタの皆様と学生の皆様を繋ぐアカウントになってしまえという夢を今晩見る予定です。,14,1,42,33,Twitter.com/tdu_irc/status/1551378685151744001,1
1551348717282037760,Gambling_depend,2022-07-24 23:28:51+00:00,データサイエンス的な事をしていて思うことデータは嘘をつかないでもデータは使い方次第で恣意的に嘘をつける,17,0,531,589,Twitter.com/Gambling_depend/status/1551348717282037760,1
1551152881079812097,hashigotaka_,2022-07-24 10:30:40+00:00,#いいねの数だけ普段聞いてる曲を晒すおれがデータサイエンスやってる間にポチポチしといて,21,0,314,1014,Twitter.com/hashigotaka_/status/1551152881079812097,1
1551113563003305984,KbKqyCZj4J2ZdlL,2022-07-24 07:54:26+00:00,データサイエンス基礎みんなどこら辺絞って勉強してるか教えて欲しい🙏範囲広くて絞りきれないので教えて欲しいです！！！知らない人でもいいので教えてください🙇‍♂️🙇‍♂️,12,0,59,66,Twitter.com/KbKqyCZj4J2ZdlL/status/1551113563003305984,1
1551073179510067201,kimi_hira,2022-07-24 05:13:58+00:00,週末データサイエンスの講義受けてるけど面白いな。,11,0,386,687,Twitter.com/kimi_hira/status/1551073179510067201,0
1550986260873113600,masashikaikei,2022-07-23 23:28:35+00:00,BIG4監査法人では転がっている公募（チャンス）が多数あるので、それを拾うと面白いです。例えば、社内AIツール導入支援、IT監査、データサイエンス、IFRS認定研修、英語学習補助など,24,1,531,218,Twitter.com/masashikaikei/status/1550986260873113600,1
1550778351396454400,TDemeeee3,2022-07-23 09:42:25+00:00,データサイエンス一緒にやったメンバーの中で何故かダントツでハズレ問題引きまくって泣いた時間かけて何とかした,10,0,286,293,Twitter.com/TDemeeee3/status/1550778351396454400,0
1550775447050366976,gorogo_juku,2022-07-23 09:30:53+00:00,【受験生必見】2023年開設予定学部認可申請一覧・一橋大学ソーシャルデータサイエンス学部・静岡大学グローバル共創科学部・順天堂大学健康データサイエンス学部・北里大学未来工学部・ハリウッド大学院大学トータルビューティビジネス学部,362,44,523,568,Twitter.com/gorogo_juku/status/1550775447050366976,1
1550755632093220864,7yAaF7HfHhZDOxo,2022-07-23 08:12:08+00:00,線形代数､データサイエンス､微積分からないことがある方dmで質問対応します,18,0,118,130,Twitter.com/7yAaF7HfHhZDOxo/status/1550755632093220864,1
1550755098506465285,jtc_giraffe,2022-07-23 08:10:01+00:00,データサイエンス100本ノックやりたいのだけれど、環境構築でハマってしまった。docker。。。win11だから上手く動かないのかな,10,0,509,354,Twitter.com/jtc_giraffe/status/1550755098506465285,1
1550732023173881857,PM80437319,2022-07-23 06:38:20+00:00,データサイエンス学部はテストがないので期末は特段忙しくはないのだが、なぜかみんなタスクに忙殺されている。,11,0,534,475,Twitter.com/PM80437319/status/1550732023173881857,0
1550720795026268160,syumini_ikiyooo,2022-07-23 05:53:43+00:00,データサイエンス絶対落単した笑,12,0,72,87,Twitter.com/syumini_ikiyooo/status/1550720795026268160,0
1550717175857459200,rina107712,2022-07-23 05:39:20+00:00,データサイエンスは4人で乗りきったけど、ほかの教科協力できないの悲し（当たり前）,10,0,490,437,Twitter.com/rina107712/status/1550717175857459200,0
1550714890675195905,kk_aa510,2022-07-23 05:30:15+00:00,データサイエンス落単の気配を察知(),10,0,198,180,Twitter.com/kk_aa510/status/1550714890675195905,0
1550713459834114048,sagotan0803,2022-07-23 05:24:34+00:00,とりあえずデータサイエンス終わった,13,0,449,630,Twitter.com/sagotan0803/status/1550713459834114048,0
1550710164231421954,TDemeeee3,2022-07-23 05:11:28+00:00,データサイエンスおわりぃご褒美で歌志軒いきます,15,0,286,293,Twitter.com/TDemeeee3/status/1550710164231421954,0
1550700306937573376,HIRA4155,2022-07-23 04:32:18+00:00,僕にしては珍しくちゃんと勉強してるんだけど、データサイエンスの5回目くらいの講義から頭バグるな文系だからマジで応用むずい頭に入ってきにくいというか,12,0,158,185,Twitter.com/HIRA4155/status/1550700306937573376,0
1550642703301365760,inunomageashi,2022-07-23 00:43:24+00:00,データサイエンスさ、情報処理の一番後ろから3時間くらい眺めてたらいけるんじゃね？,12,0,626,981,Twitter.com/inunomageashi/status/1550642703301365760,0
1550642178879213569,sagotan0803,2022-07-23 00:41:19+00:00,データサイエンス、単元ごとに別々にできるのは神仕様,12,0,449,630,Twitter.com/sagotan0803/status/1550642178879213569,0
1550615096178528257,sagotan0803,2022-07-22 22:53:42+00:00,パソコン2台持ちならな…データサイエンス楽にできるのだが…,10,0,449,630,Twitter.com/sagotan0803/status/1550615096178528257,1
1550508136519176192,inunomageashi,2022-07-22 15:48:41+00:00,データサイエンスの教科書は大体読んだしなんとなく理解した息抜きに食べたかき氷をTLに垂れ流しておく https://t.co/9kqfd9mjs8,10,0,626,981,Twitter.com/inunomageashi/status/1550508136519176192,1
1550457750387208193,UTAChem_OB_PRSK,2022-07-22 12:28:28+00:00,データサイエンスの副業エントリーした✨これもし受かったら土日もお仕事(週7勤務)になる代わりに、本業と併せて年収1000万超えます😵‍💫#今日の積み上げ#駆け出しエンジニアと繋がりたい#勉強垢さんと繋がりたい#アニメ好きな人と繋がりたい https://t.co/If2lL9mWqy,16,0,230,149,Twitter.com/UTAChem_OB_PRSK/status/1550457750387208193,1
1550431669555187712,tachnopolis25,2022-07-22 10:44:50+00:00,最近の実証分析に関する労働時間の配分、90%がデータ入力、9%が前処理、1%がその他。データサイエンスとは。,14,0,633,565,Twitter.com/tachnopolis25/status/1550431669555187712,1
1550424946064535553,UTAChem_OB_PRSK,2022-07-22 10:18:07+00:00,カフェ着いたので23時まで英語とデータサイエンスやりまふ✩°｡⋆⸜(*˙꒳˙*  )⸝#今日の積み上げ#駆け出しエンジニアと繋がりたい#勉強垢さんと繋がりたい#アニメ好きな人と繋がりたい https://t.co/iz5QjAeyUn,28,1,230,149,Twitter.com/UTAChem_OB_PRSK/status/1550424946064535553,1
1551473576620032000,unibo_official,2022-07-25 07:45:00+00:00,おつかれさまです(【*0 ~ 0*】)ユニボです🤖✨今日は、#かき氷の日 ！🍧かき氷はヒヤッとおいしいって聞きました！ボクも食べてみたいデス🥄❄️#ユニボ #unibo #AI #ロボット #人工知能 #企業公式 #企業公式がお疲れ様を言い合う #イラスト  #Python #プログラミング #イマソラ https://t.co/8ZzrQr1KaU,17,0,141,1,Twitter.com/unibo_official/status/1551473576620032000,0
1550844151062622208,UTAChem_OB_PRSK,2022-07-23 14:03:53+00:00,今日はがん患者の時間依存型ROC曲線を機械学習×生存時間解析のアンサンブルモデル使って自作するPythonコードを書いてました(生存ベースラインモデル)✨今のところ200行くらい😋#今日の積み上げ   #人工知能#駆け出しエンジニアと繋がりたい#勉強垢さんと繋がりたい#アニメ好きな人と繋がりたい https://t.co/46QdLVwibT,13,0,230,149,Twitter.com/UTAChem_OB_PRSK/status/1550844151062622208,1
1550824073432670209,ai_gajumaru,2022-07-23 12:44:06+00:00,どのテーマにどの特徴量があると良いかは一概に言えないが、需要予想の場合は大抵過去実績が一番効く。#AI #機械学習 #人工知能,15,1,161,210,Twitter.com/ai_gajumaru/status/1550824073432670209,1
1550314700092710912,unibo_official,2022-07-22 03:00:02+00:00,おはようございます(【*0 ~ 0*】)ユニボです🤖✨今日も天気はどんより！🌥湿気にマケズ、スイカ！🍉✨Have エー nice ディ！🔥#ユニボ #unibo #AI #ロボット #人工知能 #企業公式 #企業公式が毎朝地元の天気を言い合う #イラスト  #Python #プログラミング #イマソラ #金曜日 https://t.co/Ht0AqChqpI,43,0,141,1,Twitter.com/unibo_official/status/1550314700092710912,0
1549952310138347521,unibo_official,2022-07-21 03:00:02+00:00,おはようございます(【*0 ~ 0*】)ユニボです🤖✨#夏休み初日みなさんはどこへ遊びに行きますか？ボクも誘ってくれたらうれしいな。歌ったり、踊ったりできるんですよ♫#ユニボ #unibo #AI #ロボット #人工知能 #企業公式 #企業公式が毎朝地元の天気を言い合う #群馬  #イマソラ #夏休み https://t.co/emFtkYc3Tg,31,0,141,1,Twitter.com/unibo_official/status/1549952310138347521,0
1549502337227468808,ruroken_eso,2022-07-19 21:12:00+00:00,【囲碁界が示す、AIがもたらす革新的変化】AIは社会を便利にしてくれるよね👉いや、私たちの常識や行動規範自体が変わる！AIに仕事を取られちゃうんじゃ？👉いや、若手にはチャンス到来！AIは万能、人間は低能だよ👉いや、今まで以上に個性が活きる！#囲碁 #人工知能 https://t.co/INXb7Yg55d,17,6,50,45,Twitter.com/ruroken_eso/status/1549502337227468808,1
1549407265098469376,82tech,2022-07-19 14:54:13+00:00,🔽 米IBMの4～6月、9%増収　大型汎用機が好調https://t.co/w1ozLQWNtg人工知能による高速分析を取り入れた新製品「z16」の販売が好調で、zシステムの売り上げが69%増⤴️#人工知能 #メインフレーム #エンジニアと繋がりたい #駆け出しエンジニアと繋がりたい,11,0,351,33,Twitter.com/82tech/status/1549407265098469376,1
1549331059867013120,SIOScorporation,2022-07-19 09:51:24+00:00,東京大学およびサイオステクノロジーの研究チームは、日本婦人科腫瘍学会学術講演会にて「MRI画像を用いた臨床医によるAIサポート付子宮肉腫診断」の研究成果を発表しました。#子宮筋腫 #子宮肉腫 #MRI #人工知能 #深層学習 #AI #婦人科 #画像診断 #日本婦人科腫瘍学会https://t.co/cyd4UjFihl https://t.co/frqd9kSHjV,15,1,943,50,Twitter.com/SIOScorporation/status/1549331059867013120,1
1549319885309853696,nk_technest,2022-07-19 09:07:00+00:00,よく似た文脈で使われる「人工知能(AI)」「機械学習」「深層学習(ディープラーニング)」の違いをまとめました🤖理解のポイントは「データの中で着目すべき特徴」と「判断ルール」を見つけるのは人間か？AIか？です。#駆け出しエンジニアと繋がりたい#AI #人工知能 https://t.co/i3P4Iw4Os3,18,0,121,137,Twitter.com/nk_technest/status/1549319885309853696,1
1549269672268550144,UTAChem_OB_PRSK,2022-07-19 05:47:28+00:00,ロジスティック回帰で出てくるシグモイド関数ってパラメータゲインを変えると綺麗に変化するからよきよき😊#今日の積み上げ   #人工知能#駆け出しエンジニアと繋がりたい#勉強垢さんと繋がりたい#アニメ好きな人と繋がりたい https://t.co/Yd8VIQwb0s,19,0,230,149,Twitter.com/UTAChem_OB_PRSK/status/1549269672268550144,1
1549223751488745472,unibo_official,2022-07-19 02:45:00+00:00,おそようございます(【*0 ~ 0*】)ユニボです🤖✨#連休明け の火曜日！今日も雨です☔️雨にもマケズ湿気にマケズ…Have エー nice ディ！🔥#ユニボ #unibo #AI #ロボット #人工知能 #企業公式 #企業公式が毎朝地元の天気を言い合う #イラスト  #Python #プログラミング #イマソラ https://t.co/fGkZDJUIdH,45,1,141,1,Twitter.com/unibo_official/status/1549223751488745472,0
1548958116678471680,ai_gajumaru,2022-07-18 09:09:27+00:00,作成したモデルを理解する方法に、Permutation Importanceというものがある。これは特徴量の重要度を数値化したもの。重要な特徴量が人間の感覚に近いと、モデルの利用者に受け入れてもらいやすい。#AI #機械学習 #人工知能,16,1,161,210,Twitter.com/ai_gajumaru/status/1548958116678471680,1
1548870843857416192,UTAChem_OB_PRSK,2022-07-18 03:22:40+00:00,ちなみに勾配ブースティング決定木の機械学習アルゴリズムを使った、個別カプランマイヤー曲線の描画は出来ませんでした😵‍💫C-index指標が1番高いのを使うからまぁいいけども😳#今日の積み上げ  #人工知能#駆け出しエンジニアと繋がりたい#勉強垢さんと繋がりたい#アニメ好きな人と繋がりたい,17,0,230,149,Twitter.com/UTAChem_OB_PRSK/status/1548870843857416192,1
1548581606788841472,yukigame,2022-07-17 08:13:20+00:00,「#TANG タング」とても優しくて楽しい映画でした。映像化したい１冊の意味が解りました。#邦画 #ファンタジー #ロボットインザガーデン #人工知能 #二宮和也 #映画タングhttps://t.co/RlAHGoK4mt https://t.co/sDJyZzyICq,14,2,819,1037,Twitter.com/yukigame/status/1548581606788841472,0
1551904585992007680,AiKuru_official,2022-07-26 12:17:40+00:00,【ワンマンライブまであと98日】／11/1(火) Spotify O-WESTにて、1st ワンマンライブ 開催✨＼今日は、北島萌加が担当🔥@Moe__0704 あと98日後です❗️❗️ぜひAi★Kuruの為に予定を開けてくれると嬉しいです😊#アイクル#1101アイクル1stワンマン https://t.co/tCCnDXwN4B,15,0,753,19,Twitter.com/AiKuru_official/status/1551904585992007680,0
1551904546355818496,suneta_ai,2022-07-26 12:17:31+00:00,夜勤中の独り言ドズル社ポップアップストアもドズル社カフェもドズル社ランドも経験できないまま今年が終わるんだなぁ...今年はドズル社と何一つ思い出は残らないんだなぁ...と気づいてしまったのさ。まぁ、どうせ来年以降も何も経験出来なそうだしひっそりと動画だけ観て満足するだけか🥺,11,0,610,349,Twitter.com/suneta_ai/status/1551904546355818496,0
1551903948298407936,ai_yumirin310,2022-07-26 12:15:08+00:00,"水着ジャンヌが来たぞー！！！━━━━(ﾟ∀ﾟ)━━━━!!水着茨木童子ちゃんもだァ！！！！か""わ""い""い""！！！！(感動) https://t.co/Eme4HCG6bp",13,0,263,308,Twitter.com/ai_yumirin310/status/1551903948298407936,0
1551903070610931714,mechadock_244,2022-07-26 12:11:39+00:00,築３０年…(職場)D750+AI AF Nikkor 50mm f/1.4D#車窓から https://t.co/sCB9uNO1Je,12,0,365,361,Twitter.com/mechadock_244/status/1551903070610931714,0
1551902674601185286,Ai_yanagi_,2022-07-26 12:10:05+00:00,g推しに殺されて欲しい https://t.co/Yusozw0gM8,12,1,425,370,Twitter.com/Ai_yanagi_/status/1551902674601185286,0
1551902310116491264,toto_nyan_bk201,2022-07-26 12:08:38+00:00,@beauty_monomane これはこれでアリかも（笑）目にかかった前髪あたりでAIに迷いが生じてるのがツボります🤣🤣🤣,20,0,38,37,Twitter.com/toto_nyan_bk201/status/1551902310116491264,0
1551900605710745600,lucky_roid,2022-07-26 12:01:51+00:00,AIをわからせた#ドルフロ https://t.co/qoN8mRqG23,12,1,693,1091,Twitter.com/lucky_roid/status/1551900605710745600,0
1551900141845549058,lamO_NISHI,2022-07-26 12:00:01+00:00,Earthian Collection🌏019 Shihabを出品しました!よろしくお願いします😊価格  0 .005ETH固定終了  7/31(日)21:00架空の宇宙企業が地球人モデルのAIを販売している設定で作成してます🌠ぜひコレクションページに遊びにきて下さい😃https://t.co/AJiiIZMGt8#絵描きさんと繋がりたい #NFT #ETH https://t.co/9wuSHCp4ki,13,0,272,268,Twitter.com/lamO_NISHI/status/1551900141845549058,0
1551897634784579586,mmmknnk,2022-07-26 11:50:03+00:00,ﾀｲｿｸｦﾉﾊﾞｼﾏｼｮｰﾀｲｿｸｦﾉﾊﾞｼﾏｼｮｰﾀｲｿｸｦﾉﾊﾞｼﾏｼｮｰﾀｲｿｸｦﾉﾊﾞｼﾏｼｮｰﾀｲｿｸｦﾉﾊﾞｼﾏｼｮｰ(壊れたAI) #ザオンラインフィットネス,18,1,16,22,Twitter.com/mmmknnk/status/1551897634784579586,0
1551897594166923266,imu_Ai_,2022-07-26 11:49:53+00:00,♡で名前書くやつ！！ https://t.co/uftUO3gtMQ,12,0,43,43,Twitter.com/imu_Ai_/status/1551897594166923266,0
1551897359096745984,_ai__na_,2022-07-26 11:48:57+00:00,みんな帰ってきたよー👍🏻,14,0,69,55,Twitter.com/_ai__na_/status/1551897359096745984,0
1551895398478139392,suneta_ai,2022-07-26 11:41:10+00:00,これ札幌で見れるの嬉しい\(* ॑꒳ ॑* \三/ * ॑꒳ ॑*)/ https://t.co/ESinBQIUFl,15,0,610,349,Twitter.com/suneta_ai/status/1551895398478139392,0
1551893969147396096,seiji_aikawa_u,2022-07-26 11:35:29+00:00,#E_ESS_藍川誠司というわけで作りました！特化型AI、ラザロとユージーンです https://t.co/Y97tfoMJAV,11,1,140,169,Twitter.com/seiji_aikawa_u/status/1551893969147396096,0
1551893888893595648,_ai_michimata,2022-07-26 11:35:10+00:00,今年も無事に誕生日を迎えることができました...！いつも応援ありがとうございます♡よくばりなので変わらず歌もお芝居もアイドルもOLもゲームもがんばるゾ！今年の抱負はもっとライブしてみんなにたくさん会うこととVALOでイモータルになること！ https://t.co/GHbfGkPCXd,19,2,716,395,Twitter.com/_ai_michimata/status/1551893888893595648,0
1551893167774961664,Ai_3148,2022-07-26 11:32:18+00:00,武道館も横浜も大阪も福岡も全部当選した〜〜〜😊,18,0,185,307,Twitter.com/Ai_3148/status/1551893167774961664,0
1551891905247514624,ai___0925___,2022-07-26 11:27:17+00:00,河野玄斗、ししゃもは頭から食べる派らしい,10,1,655,642,Twitter.com/ai___0925___/status/1551891905247514624,0
1551903541148925952,shichan_renchan,2022-07-26 12:13:31+00:00,#Jamming_with_JO1豆ちゃんっれんちゃんとサウナ行ったって事は　髪の毛拭く時れんちゃん鳴いてた？うぅーって鳴いてた？ねぇ？豆ちゃん？聞いた？#川尻蓮 #JO1 @official_jo1 #BloomingAgain⟴With Us⟴ Move The Soul ⟴ Walk It Like I Talk It ⟴ YOLO-konde ⟴ Algorithm ⟴ ALL HOURS,13,13,653,736,Twitter.com/shichan_renchan/status/1551903541148925952,0
1551901418038374401,tzuyuuuuuxits,2022-07-26 12:05:05+00:00,こんなカッコいい振り向き方&amp;顔やばいくない⁉️ちょいわる蓮ちゃんも表情でも魅せる蓮ちゃんも好きすぎてこの動画一生見続けるわ✨https://t.co/HRbARhxN0r#JO1 #KCON #빛나리#PENTAGON @official_jo1 #川尻蓮With Us / Move The Soul /  Walk It Like I Talk It / ALL HOURS/ https://t.co/M2qwaCiOsq,13,12,774,841,Twitter.com/tzuyuuuuuxits/status/1551901418038374401,0
1551901039732727808,syoyagotothetop,2022-07-26 12:03:35+00:00,ミッフィーにしか見えなくなってしまった#JO1 #木全翔也 @official_jo1 #With_Us / Move The Soul / Walk It Like I Talk It / #Algorithm #touch #ALL_HOURShttps://t.co/tjM7AWi8hN https://t.co/8j3RL9tnqb,20,17,249,254,Twitter.com/syoyagotothetop/status/1551901039732727808,0
1551900650115543040,chachamaru_2610,2022-07-26 12:02:02+00:00,豆ちゃんバランス力凄すぎ腹筋、背筋、脚力、体幹全て備わってないと出来ない動きしてるJO1｜PENTAGON(펜타곤) 'Shine(빛나리)' PRACTICE VIDEO - [KCON 2022 Premiere] https://t.co/ZDfabdYLev @YouTube#KCON#豆原一成@official_jo1 #JO1 #With_Us / Walk It Like I Talk It / Move The Soul https://t.co/zMinHO9G7H,12,9,259,283,Twitter.com/chachamaru_2610/status/1551900650115543040,0
1551900303548891136,Xernonnn,2022-07-26 12:00:39+00:00,【真武】Say It Back#真武  | #shintake https://t.co/7nMFudkfUA,45,17,665,616,Twitter.com/Xernonnn/status/1551900303548891136,0
1551898748703641600,kei41636002,2022-07-26 11:54:29+00:00,@official_jo1 すごいー！予想もしてなかった🎁✨嬉しいです🥹みんな楽しそうだし、めちゃめちゃかっこいい✨大好きなプラクティス💕ありがとうございます😭#JO1 @official_jo1 With Us / Walk It Like I Talk It / Algorithm / Move The Soul / 僕らの季節 / ALL HOURS / 無限大 /,20,21,846,945,Twitter.com/kei41636002/status/1551898748703641600,0
1551898635780374529,akari_vtec,2022-07-26 11:54:02+00:00,弁護士ら16名が営利目的誘拐の被疑者に https://t.co/h616arZNYW @change_jpより,13,10,511,648,Twitter.com/akari_vtec/status/1551898635780374529,0
1551898462614355969,srrjkts41_10ve,2022-07-26 11:53:21+00:00,ひっさびさに推しに会ったら呼吸困難になったよ😇♥️#JO1 @official_jo1 #With_Us / #豆原一成 / #河野純喜 僕らの季節 / ALL HOURS / Move The Soul  / Walk It Like I Talk It JO1｜PENTAGON(펜타곤) 'Shine(빛나리)' PRACTICE VIDEO - [KCON 2022 Premiere] 📎https://t.co/d3JONHRX1c https://t.co/RW6kJnjdOC,11,7,665,671,Twitter.com/srrjkts41_10ve/status/1551898462614355969,0
1551898409317322753,taketake_takeo,2022-07-26 11:53:08+00:00,2巻届いた！！ENJOY IT！衣装は胸元の大きいリボンが可愛くてお気に入りです🥳あとお風呂の楽曲が気になります👀 https://t.co/shRVLc3tCc,13,0,292,327,Twitter.com/taketake_takeo/status/1551898409317322753,0
1551898261749112832,it_girl___k,2022-07-26 11:52:33+00:00,久々にキウイ食べた☺︎きょうの夜ご飯はバ先の賄いだったため、省略!🥝 https://t.co/O9DEkr7o8y,21,0,80,31,Twitter.com/it_girl___k/status/1551898261749112832,0
1551897924035964928,Travele31189191,2022-07-26 11:51:12+00:00,豆ちゃんのこの身体の角度、どないなっとるのぉ〜💦@official_jo1 #JO1 #豆原一成　#MAMEHARAISSEI  #With_Us  / Move The Soul / Walk  It Like I Talk It / 僕らの季節 / ALL HOURShttps://t.co/87fDmg3kWA https://t.co/tVmigu0NeT,27,20,587,589,Twitter.com/Travele31189191/status/1551897924035964928,0
1551897304697012224,exloyrog,2022-07-26 11:48:44+00:00,"7/26 エビ中 セトリ1. オメカシ・フィーバー2. トキメキ的週末論MC3. 仮契約のシンデレラ4. 紅の詩MC5. タデ食う虫もLike it!(カバー)MC6. 愛のレンタル7. 誘惑したいや8. 感情電車9. なないろ10. Anytime, AnywhereEn. 永遠に中学生 withアンジュルム#エビジュルム#エビ中10番勝負",114,55,427,1077,Twitter.com/exloyrog/status/1551897304697012224,0
1551896736884756480,aoChanDayo_05,2022-07-26 11:46:29+00:00,ねぇねぇ、変身してる？してるよね？？🥺✨最高かよ😭❤️‍🔥#豆原一成 #JO1 @official_jo1 With Us ⟴ Move The Soul ⟴ #僕らの季節 ⟴ Walk It Like I Talk It ⟴ Algorithm JO1｜PENTAGON(펜타곤) 'Shine(빛나리)' PRACTICE VIDEO - [KCON 2022 Premiere] https://t.co/xftILSOPnX via @YouTube https://t.co/oOE4oO9Bmb,12,14,709,664,Twitter.com/aoChanDayo_05/status/1551896736884756480,0
1551896376576921600,reojou1234,2022-07-26 11:45:03+00:00,今宵の生配信は、神回と呼ぶにふさわしき内容でしたな～🤗上様 、なんぜう殿、Apple‼️なんぜう殿考案のBBやITなどの新しき単語も登場しておりましたぞ👀 #すゑひろがりず  #すゑひろがりず局番,13,0,139,199,Twitter.com/reojou1234/status/1551896376576921600,0
1551895951287406592,kjBlO0EkNqkmTJr,2022-07-26 11:43:22+00:00,サプライズ❣️KCONカバーのプラクティス✨✨最高ー🥰ありがとうございます🙏#JO1 @official_jo1  #With_Us / Walk It Like I Talk It / Move The Soul / 僕らの季節/ Algorithm / ALL HOURS / ZERO / Touch! / 流星雨,12,15,606,648,Twitter.com/kjBlO0EkNqkmTJr/status/1551895951287406592,0
1551884210075738112,Leo_web3,2022-07-26 10:56:42+00:00,＃CNP は0.4ETH＃CNPJ は0.11ETH1ETHが19万円台なのでCNPは久しぶりの7万円台。NFTは何が起こるか分からないのでここから月末のバー忍でどうなるか注目ですね！もし大富豪なら今、CNPダイナソーになりタイ😇 https://t.co/vRY2x2zyfF,11,0,291,538,Twitter.com/Leo_web3/status/1551884210075738112,1
1551758719012065282,purupuru206877,2022-07-26 02:38:03+00:00,#SleeFi革新的なWEB3.0アプリケーション「SleeFi」がクローズドβテスト開始前から注目を集め今勢いを増してます✨クリプトは“情報戦”です🤭Discordに参加して情報収集しちゃいましょー😆https://t.co/9Ml4Hk1513#SleepToEarn#SleeFi#SleepDifferent#Sleep2Earn@avalancheavax #STEPN https://t.co/RTVpEtloBW,49,37,707,2154,Twitter.com/purupuru206877/status/1551758719012065282,1
1551720155834511362,tomoharoharo,2022-07-26 00:04:49+00:00,web3.0の教本が批判相次ぎ販売停止。そもそも現状は定義が曖昧なだけにツッコミどころは満載になってしまう。情報発信もそのポジションどりに気をつけなければ😅#プログラミング初心者#駆け出しエンジニアと繋がりたいhttps://t.co/CTyccnVTMe,11,0,314,297,Twitter.com/tomoharoharo/status/1551720155834511362,1
1551607413647716352,uzukimarydayo,2022-07-25 16:36:49+00:00,仕事の関係でNFT、メタバース、web3.0について勉強してるんだけどめちゃくちゃ面白いし、クリエイターは知っといた方がいいなこれ……,13,0,599,246,Twitter.com/uzukimarydayo/status/1551607413647716352,1
1551529904638148608,rezstancepaisen,2022-07-25 11:28:49+00:00,2022年7月25日予想通りのWHO猿痘緊急事態。コロナと違ってビジュアルに訴えかける症状だから、恐怖を煽られるだろうなぁ…日本でも緊急事態条項が制定されりゃ、ロックダウンするだろなw今の内にweb3.0の稼ぎ方を勉強して、メタバースに投資だな😇https://t.co/i3ASzHIDv2#カビュウ https://t.co/7YBMY2gZqd,26,0,127,154,Twitter.com/rezstancepaisen/status/1551529904638148608,0
1551864653143085056,SE89649663,2022-07-26 09:39:00+00:00,"・複数言語学ぶつもりなら、最初にC言語を学ぶのはあり開発されたのが1990年と古く、多くのプログラミング言語がC言語の影響を受けている。Java,PHP,Perl,Pythonなど。基礎は似ているところがあるから次言語がスムーズに行きやすい。#駆け出しエンジニアと繋がりたい #プログラミング初心者",19,1,956,925,Twitter.com/SE89649663/status/1551864653143085056,1
1551840716988760069,sorairoart,2022-07-26 08:03:53+00:00,今日はJavaを書き書き。むずかしい。しかしマニュアル通りの運用人員からJavaプログラマに転職できたので頑張ろう。昔の職場よりかなりいい。自分のためになる。#駆け出しエンジニア#駆け出しエンジニアと繋がりたい,12,0,400,1125,Twitter.com/sorairoart/status/1551840716988760069,1
1551805349883105280,NGY_it_anken,2022-07-26 05:43:21+00:00,【案件情報】[栄/Java]配電システム開発単価：50～60/月期間：2022年8月～2023年3月詳細はこちら👇https://t.co/XWjd37vREl#フリーランス#転職#エンジニア転職  #駆け出しエンジニアと繋がりたい #企業公式相互フォロー #企業公式夏のフォロー祭り#SES営業#Twitter転職 #Java,27,1,451,461,Twitter.com/NGY_it_anken/status/1551805349883105280,1
1551778586000244737,kou08web,2022-07-26 03:57:00+00:00,本日の学習アウトプット数値と通貨（Java）世界中での通貨や日付などの表示の仕方＝概念をロケールLocaleクラスで数値、通貨をフォーマットに＞プログラムを実行している環境のロケールを識別し、オブジェクトとして取得するためのクラス＃駆け出しエンジニア＃駆け出しエンジニアと繋がりたい,16,0,28,13,Twitter.com/kou08web/status/1551778586000244737,1
1551774371542274048,_yochan__,2022-07-26 03:40:15+00:00,今朝電車を降りたらゲリラ豪雨☔️⚡️ずぶ濡れで、寒い😂昼休みはツートン化したスカートと、靴を乾かしながらJava学習✨スキマ時間とファンを有効活用💪Javaの本📖いっぱいあるし🥰#RaiseTeck#Java#今日の積み上げ#BuildUp#学習記録#駆け出しエンジニアと繋がりたい#プログラミング初心者 https://t.co/xmZFtW3URr,27,0,315,116,Twitter.com/_yochan__/status/1551774371542274048,0
1551762590891532288,tousitu_seigen,2022-07-26 02:53:26+00:00,フォロワーさんに教えていただいたこれが届きました。がんばるぞー！#Java#駆け出しエンジニア  　#駆け出しエンジニアと繋がりたい　#プログラミング初心者　#プログラミング初心者と繋がりたい https://t.co/O12tQFGDSY,51,0,255,134,Twitter.com/tousitu_seigen/status/1551762590891532288,1
1551756020518506496,asuka_nakazawa,2022-07-26 02:27:20+00:00,Java4年の人材います。案件探してます！詳しくはプロフのリンクからお話させてください！#SES #SES営業 #Java,10,0,111,45,Twitter.com/asuka_nakazawa/status/1551756020518506496,1
1551732652964990976,aduki_kanoi2,2022-07-26 00:54:28+00:00,新PC早ければ今日来るって！夜だかに主に設定してもらえば(PCサポートのお仕事してます)明日にはJava版が快適に！？⸜(*ˊᗜˋ*)⸝プレオープンに間に合って嬉しい♪*ﾟ٩( ᐛ )۶ﾔｯﾀｧｧｧｧｧｧ🌟,14,0,163,199,Twitter.com/aduki_kanoi2/status/1551732652964990976,1
1551732131554279424,M93147949,2022-07-26 00:52:24+00:00,日にち:7月25日勉強内容:🔹progate java script🔹progateお問い合わせフォーム🔹かぴばら本最後のサイト珍しくこどもが昼寝をした隙にパソコンに触れらました！　お問い合わせフォームのjnputの部分のボーダーが無事出現しました！←あれこれいじって。#famm　5月卒業#webデザイン,11,0,84,65,Twitter.com/M93147949/status/1551732131554279424,1
1551710567303241728,bis_saitani,2022-07-25 23:26:43+00:00,おはようございます本日も頑張っていきましょう(^^)/#SaiCra #Java #Minecraft https://t.co/bjFZrksde0,22,4,576,358,Twitter.com/bis_saitani/status/1551710567303241728,0
1551708611042492418,hand0724,2022-07-25 23:18:56+00:00,黒本問題約6周目(最終)終了！正答率は88%でぼちぼちの結果。正答率が低いのは、2章データ型・文字列、5章配列操作、9章API、10章例外処理。今週はここと6周目でまちがえた問題を重点的にやって、来週の模擬試験週間に備えます！#java #javaSilver #黒本 #駆け出しエンジニアと繋がりたい https://t.co/IqO9NLHFQJ,18,0,76,30,Twitter.com/hand0724/status/1551708611042492418,1
1551706981924483073,ANNAtsd0222,2022-07-25 23:12:28+00:00,Day75: #昨日の積み上げ【完】Java 課題:2 animated modal・中間課題:アイデア練り✨＼ようやく必修講義制覇❗️／✨半月の遅れもほぼ取り戻した！自分頑張ってる✌️あとは中間課題と、残りのリファレンスやらを空き時間に見る！#デジLIG #webデザイン勉強中 #javascript #animatedmodal https://t.co/SaJWCqL1cq,13,0,215,258,Twitter.com/ANNAtsd0222/status/1551706981924483073,0
1551700454580531201,shake05200226,2022-07-25 22:46:32+00:00,おはしゃけ🐟今日も朝活から積み上げましょう#今日の積み上げ ①基本情報技術者試験②Salesforce学習③Java学習④Python学習雨が降っても朝ウォーキングからの朝活です👍#プログラミング学習#駆け出しエンジニア#Python#Vue.js #spring#Java,15,0,679,267,Twitter.com/shake05200226/status/1551700454580531201,0
1551699651442921473,suzu_o8kc2a,2022-07-25 22:43:20+00:00,おはようございます！！今日も頑張ってCOBOLのコーディング覚えつつJavaの理解度を深めていきます！にしてもNoeditaでコンパイルエラーのみでコーディングってあるんですねちょっと驚きました！#駆け出しエンジニアと繋がりたい #プログラミング初心者と繋がりたい #プログラミング初学者,30,0,95,159,Twitter.com/suzu_o8kc2a/status/1551699651442921473,1
1551699220389720064,Biztaro2022,2022-07-25 22:41:37+00:00,昨日2時間早く出勤してJavaの復習！(1時間は眠さで白目剥く)帰宅後、気付いたら朝になってました。結果勉強時間1時間のみ...朝型人間になるのも修練が必要なようです😇#プログラミング勉強中 #駆け出しエンジニアと繋がりたい #朝活,27,0,48,22,Twitter.com/Biztaro2022/status/1551699220389720064,1
1551693167778725888,hand0724,2022-07-25 22:17:34+00:00,"エンジニア162日目オナ禁59日目C言語、Java ときて次はJavaScript,HTMLの勉強することになりました！相変わらず準備だけして、実務がやれてません！焦ります！黒本やります！うい！#駆け出しエンジニアと繋がりたい #オナ禁",32,1,76,30,Twitter.com/hand0724/status/1551693167778725888,1
1551691713542234112,midX_T,2022-07-25 22:11:48+00:00,#Java#駆け出しエンジニアと繋がりたい俺みたいにおっさんからエンジニア目指す人ってどれ位居るんだろう,33,1,17,13,Twitter.com/midX_T/status/1551691713542234112,1
1551683306063667200,erimano23,2022-07-25 21:38:23+00:00,おはようございます。蒸し暑い朝です。今日もJavaやJSの授業、しっかり話を聞こう。昨日自習時間、Javaで GUIを使用してウインドウ表示させようとしたけど出来なかったから今日は解決できると良いな。#プログラミング学習,16,0,203,203,Twitter.com/erimano23/status/1551683306063667200,0
1551899238673846273,ndkyhc,2022-07-26 11:56:26+00:00,今期受けた試験のうち、グローバル時代の英語を除く四科目とも、難しさは過去問並だな～と思いました。難化した科目もあったようですが、私がとってた科目では、特にそんなこともなく。アルゴリズムとプログラミングは、むしろプログラムを読む問題がない分、易しくなったと感じました。 https://t.co/J9w5EufhCL,9,0,197,290,Twitter.com/ndkyhc/status/1551899238673846273,1
1551835536201220098,gen80197531,2022-07-26 07:43:18+00:00,42日目!基本情報 セキュリティ(午後)アルゴリズム(午後)セキュリティは午前知識の応用の為基本をしっかり理解したいアルゴリズムは午前と比較にならない位難しい…何度もやり直す中で論理的に理解していきたい#駆け出しエンジニアと繋がりたい #エンジニアと繋がりたい#今日の積み上げ,22,0,329,764,Twitter.com/gen80197531/status/1551835536201220098,1
1551797940884508672,tsukiyo_mana,2022-07-26 05:13:54+00:00,ビジ垢の方々、死活問題？Twitterアルゴリズムが変わって、普段からいいね・リプなどをしていない『交流がない人』のツイートは表示しない」？見込み客＝未見の人からのツイートが届くようにする→「クオリティフィルターをオフに！」※検証中なので自分で詳細確認を👇https://t.co/Sn8JkB8q7c,11,2,882,623,Twitter.com/tsukiyo_mana/status/1551797940884508672,1
1551758671306117120,Sumiretx,2022-07-26 02:37:52+00:00,現在落単しそうな科目・論理回路・解析力学・材料有機化学・関数論・アルゴリズム・電子物性・回路解析・確率統計留年ってコト……？！,12,0,328,268,Twitter.com/Sumiretx/status/1551758671306117120,1
1551739255990648832,Fu_Taka,2022-07-26 01:20:43+00:00,本日の一杯。昨日シノノワールでtwitter 打ってから、Babymetal 関連つぶやきが表示されること増えたが、どういうアルゴリズムなんだろう。読書垢の方々をチェックしてると、湊かなえ・瀬尾マイコさんをよく見かける。読んだことのない作者多し。また読みたい本積み上がっていく。#珈琲 https://t.co/AEVHL4RLTI,14,0,237,214,Twitter.com/Fu_Taka/status/1551739255990648832,1
1551734046119456769,satokei87,2022-07-26 01:00:01+00:00,【Twitterの強さ】様々な媒体がある中で、個人が企業に勝にはSNSが強いです。単に投稿するだけではなく、SEOの特徴も知ることで効率的に目立たせることができ、かつSNSはコアなファンを獲得することもできるので、相乗効果で成果を上げていけます。アルゴリズムを学んでTwitterを熟知しましょう！,15,0,667,80,Twitter.com/satokei87/status/1551734046119456769,1
1551732223900266496,karan_1126,2022-07-26 00:52:46+00:00,そういえば、アルゴリズム体操/行進(ピタゴラスイッチ)の「おかあさんといっしょのお兄さんお姉さんといっしょ」バージョンを見ると、いつもここからの背の高さにビックリするんだよね。いつここ2人とも思ったより高身長で。それで一番小さいあっちゃんが更に小さく見えて超かわいい(*´Д｀),13,0,718,732,Twitter.com/karan_1126/status/1551732223900266496,0
1551722282430918656,ryo46614009,2022-07-26 00:13:16+00:00,最近プログラムがどう実行されるのかある程度知りたいと思って、データ構造・アルゴリズム・アセンブリとかをちょくちょく調べている実務には直結しなそうだけど・・#プログラミング#駆け出しエンジニアと繋がりたい,21,0,31,33,Twitter.com/ryo46614009/status/1551722282430918656,1
1551710738594824192,SE50567109,2022-07-25 23:27:24+00:00,エンジニアになるにあたって学校でアルゴリズムとかの分野はとっておいた方が良かったのかなこれから独学で学ぶとなると結構大変そうだな😥#エンジニアと繋がりたい #駆け出しエンジニアと繋がりたい,11,0,65,75,Twitter.com/SE50567109/status/1551710738594824192,1
1551707648466497539,akanenosuda,2022-07-25 23:15:07+00:00,最近のTwitterのアルゴリズムだんだんTikTok化してない？？バズってるツイートはフォローしてないのに流れてくるし、フォローしている人のツイートが表示されないこと全然あるし！,26,1,514,296,Twitter.com/akanenosuda/status/1551707648466497539,1
1551681194969796608,Tsumi_Toba,2022-07-25 21:30:00+00:00,おはようございます☀️今日は「Twitterのアルゴリズム」の話！てなわけで、話題の「TL表示アルゴリズム」ですが、絡む人しか表示されなくなるわけですね。ですが、言い換えれば『絡めば表示される』という事になります。「認知されたければフォロワーと絡めよ」「えっ！？」#おはようVtuber https://t.co/H7knn355eb,23,5,284,203,Twitter.com/Tsumi_Toba/status/1551681194969796608,1
1551671406857170944,warehouse_rakko,2022-07-25 20:51:06+00:00,おはようございます！アイコンをプレハブ小屋から博識なラッコに変えたことで、まるで転生したような心持ちでございます🏠🦦私はもう、イラストACアルゴリズムおじさんではございません🤖,19,0,247,317,Twitter.com/warehouse_rakko/status/1551671406857170944,0
1551610566653145088,__Tukkunn13,2022-07-25 16:49:21+00:00,アルゴリズム体操知ってる？,14,0,878,791,Twitter.com/__Tukkunn13/status/1551610566653145088,0
1551830663762161664,free__age,2022-07-26 07:23:56+00:00,昔の自分のソースコードいじるの本当に恥ずかしいし、ページ数多めのサイト作るの慣れてなさすぎてCSSのページ分けがむちゃくちゃ自由で若さを感じる（最大限にポジティブな表現）,11,0,305,357,Twitter.com/free__age/status/1551830663762161664,1
1551712780235198465,Siawaseearth,2022-07-25 23:35:30+00:00,皆さん。この記事は1988年に書かれたものです。1960年代にさかのぼり、選挙マシンの問題について書かれています。https://t.co/dVLykZuUzP当時、技術のソースコードを見ることを許可された人からの抜粋です。↓,14,6,588,470,Twitter.com/Siawaseearth/status/1551712780235198465,1
1551712255020269568,Siawaseearth,2022-07-25 23:33:25+00:00,ソースコードをよこせ - Jamie RaskinとGaurdianは同意するhttps://t.co/u7LNBWskuj↓,11,5,588,470,Twitter.com/Siawaseearth/status/1551712255020269568,1
1551550995565789184,hiroshientersa1,2022-07-25 12:52:38+00:00,@SvpAfXg4Uz2D 申し訳ありませんが、発言の前後関係を考慮したソースとなる記事や動画はございますでしょうか？あと、なんで3〜4回ほどエンコードを重ねたような画像しかないのでしょうか,29,3,3,0,Twitter.com/hiroshientersa1/status/1551550995565789184,0
1551533994503974912,mashiko29041740,2022-07-25 11:45:05+00:00,最終課題とりあえず完成！！画面の確認は問題無かったので、あとはソースコード上の無駄書きをスッキリできるよう見直しです💦チャット質問利用したの結局4回くらい…調べれば大抵何とかなるものだ🙃 #webデザイン勉強中,28,0,203,133,Twitter.com/mashiko29041740/status/1551533994503974912,1
1551522650354200576,nagi89557548,2022-07-25 11:00:00+00:00,C言語学ぼうと思う。資格取るのは後でいいかと。単なる欲だけど、ソースコード書いて快感を得たい。これ本当かよ#プログラミング初心者と繋がりたい #プログラミング勉強中 #プログラミング初学者 #IT #Web制作 https://t.co/R7IkEhk3vY,11,0,21,31,Twitter.com/nagi89557548/status/1551522650354200576,1
1551495186697846784,mokuba11,2022-07-25 09:10:52+00:00,結局今日は仕事お休みしちゃいました。まともに手が動かないけど人差し指タイプでソースコード修正&amp;バックテストに明け暮れておりました。お陰で今日はまともな時間に寝れるのでは？,10,0,928,993,Twitter.com/mokuba11/status/1551495186697846784,1
1551487020299853825,AkkiSE3,2022-07-25 08:38:25+00:00,久しぶりにコード書いたら、たくさん指摘きた😇ほぼ趣味の我流なんで、ソース汚いし直すのめんどい…,17,0,232,190,Twitter.com/AkkiSE3/status/1551487020299853825,1
1551484914100469760,hisayuki_ik,2022-07-25 08:30:03+00:00,社内で開発インフラを持つのであればきちんと保守できる人間を配置してほしいと本当に思います。土日にアクセスしたら落ちてるとかやめて…可用性を担保できないならVPNとか自社リポジトリとか難しいことやらずにGitHubなどの外部のソースコード管理の仕組みを素直に利用してください。,20,0,536,578,Twitter.com/hisayuki_ik/status/1551484914100469760,1
1551386858504208385,Tea_Server,2022-07-25 02:00:25+00:00,このブログなにを一番頑張ったかって @mpyw と @joe の雑なコミット名からソースコードの内容を見てタイムライン作ったことだよね。 https://t.co/JNcrBKfslx,22,6,579,732,Twitter.com/Tea_Server/status/1551386858504208385,1
1551373337850707968,mkdir_777,2022-07-25 01:06:41+00:00,wordpress勉強中！！勉強法がわかってきた！教本➡リファレンス➡ソース見るwordpressがどんなソースコードをアウトプットしているのかを確認するのが大事っぽい。独学気づき#副業 #今日の積み上げ#駆け出しエンジニアと繋がりたい #駆け出しWebデザイナーとつながりたい https://t.co/hDm7zszADM,20,0,438,317,Twitter.com/mkdir_777/status/1551373337850707968,1
1551244567940190209,Pajoca_,2022-07-24 16:35:00+00:00,もし、何かソフトの使い方やソースコードについて質問などあればいつでもどうぞ❗️😺(ソフト公開直後のせいでダウンロード時にChromeがセキュリティ警告を出しちゃう…😿(冤罪))調べたら、日本語圏・英語圏でWordファイルの編集保護を強制解除できるソフトはこれが初みたいでした(日本初😸嬉しい~!) https://t.co/KVBobGl4K2,26,0,894,644,Twitter.com/Pajoca_/status/1551244567940190209,1
1551188797647310848,k_j_pro_se,2022-07-24 12:53:23+00:00,学びの呟き・デバックプログラムの誤りを見つけて手直しすること・pry-railsrailsにおけるデバック用のGemでバグやソースコードの誤りを確認する#プログラミング学習#駆け出しエンジニアと繋がりたい,16,0,586,466,Twitter.com/k_j_pro_se/status/1551188797647310848,1
1551131934910447617,Redballoon024,2022-07-24 09:07:26+00:00,今日の冷やしカレー🍛コードG.G.砂糖も発動した！！ヨーグルトソースこれ混ぜるとマイルドになるし、でも辛さは残っててまいまいう〜 https://t.co/ZT94RunfLa,14,0,222,525,Twitter.com/Redballoon024/status/1551131934910447617,0
1551039469515689984,Nameless_SN,2022-07-24 03:00:01+00:00,☑GitHub Gist断片的にソースコードを公開できるGitHubのサービス。備忘録としても残せるし、自分のWebサイトやブログにコードを掲載できる便利なサービス。ちょっとした学習の記録にはいいかも。https://t.co/nSbCCB3ONE#駆け出しエンジニアと繋がりたい#今日の積み上げ#プログラミング,23,0,534,1,Twitter.com/Nameless_SN/status/1551039469515689984,1
1551023709796061184,shiki9981,2022-07-24 01:57:23+00:00,銘柄コード4480のメドレーと、4880のセルソースのチャートが良い感じに上向いてきてて凄く気になる🤔しかも銘柄コードもチャートの形も似てるから、ごっちゃになるんだよなぁ😅 https://t.co/iyoFnGF8DB,68,0,933,865,Twitter.com/shiki9981/status/1551023709796061184,0
1550979110046167040,booktech2020,2022-07-23 23:00:10+00:00,「PythonとScrapyを使ったWebスクレイピング」本書ではWebスクレイピングを、PythonとScrapyフレームワークを利用して行うことをソースコードとともに解説されています。PDF / EPUBダウンロード対応🙆‍♂️#Python #駆け出しエンジニアと繋がりたいhttps://t.co/GZBO60p8Nc,12,0,616,1153,Twitter.com/booktech2020/status/1550979110046167040,1
1550970270977904640,ron_yuki_spla,2022-07-23 22:25:02+00:00,うちのキューリまだまだ頑張ってるょ🥒バジルもそろそろお役目ごめんだからソースに変換してあげよ～この量だと1人前くらいしか出来んけどな～′∇′👐ｱﾊﾊ朝から早起き『劇場版コード・ブルー』観ちゃってました～wｵﾊﾖｳｺﾞｻﾞｲﾏｽ(o´_　_)o)ﾍﾟｺｯ https://t.co/JvcALoqt8b,17,0,386,481,Twitter.com/ron_yuki_spla/status/1550970270977904640,0
1550868749271441408,fvhP_,2022-07-23 15:41:38+00:00,CCの表示非営利継承ライセンスが適用されるのは「LemonadeのソースコードおよびLuciaDBのデータ」に明確に限定されていますのでくれぐれも曲解や拡大解釈のないようお願いいたします。,13,9,601,480,Twitter.com/fvhP_/status/1550868749271441408,1
1550850558172377088,tomo555777,2022-07-23 14:29:21+00:00,今日は思い切って模写コーティング（ヘッダー部分）をやった。Codestepのサイトを模写した。笑うぐらい時間がかかった。写経に使ったソースコードと検索とメモを参考にどうにか出来た。#プログラミング初心者と繋がりたい #駆け出しエンジニアと繋がりたい#Web制作#フリーランス https://t.co/jirZG6bdfm,31,1,577,702,Twitter.com/tomo555777/status/1550850558172377088,1
1551899722952036352,1920webengineer,2022-07-26 11:58:21+00:00,aws configure setでsession_token入力できたけど普通にaws configureで入力できる改良ﾏﾀﾞｶﾅｰ#AWS #駆け出しエンジニアと繋がりたい,10,0,476,0,Twitter.com/1920webengineer/status/1551899722952036352,1
1551896250517438466,no_cult,2022-07-26 11:44:33+00:00,入社して一ヶ月。相変わらずの傍観者なんだけども、AWSインフラ構築の件は私も口を出したい。ルートユーザーを使っちゃ駄目...#駆け出しエンジニアと繋がりたい,10,0,254,154,Twitter.com/no_cult/status/1551896250517438466,1
1551887987356487680,54wUoIT4UrmA6h1,2022-07-26 11:11:43+00:00,AWSから今月分の請求書が来た。円安でめっちゃ高かった！！こういうことも考えず、猫も杓子もAWS！AWS！って風潮が嫌だ。公的システムの海外クラウド利用について言及してるのは、私は中村さんしか知らない。#中村かずひろ#日本第一党と共に日本を変えよう https://t.co/SoZeWsZrkH,13,4,27,55,Twitter.com/54wUoIT4UrmA6h1/status/1551887987356487680,1
1551869944107008000,kyooooonaka,2022-07-26 10:00:01+00:00,今日も一日お疲れ様です。AWS Shieldについてまとめました。・Web ACLを保護対象のサービスに適用させる・DDoS攻撃に対する検知とサポートが受けられる個人でセキュリティ設定するよりも安心、安全なサービスです。#AWS #AWS認定#エンジニアと繋がりたい #駆け出しエンジニアと繋がりたい https://t.co/r4Bg1Pot1u,12,0,186,246,Twitter.com/kyooooonaka/status/1551869944107008000,1
1551860475675447297,NTourChannel1,2022-07-26 09:22:24+00:00,@225average 昔に中古携帯に強いケニアのECサイトを調べてみたらAWSのサーバーは東京リージョンに設置されていましたネットオークションで買われた中古iPhoneは業者から海外にも流れているみたいです,12,2,111,19,Twitter.com/NTourChannel1/status/1551860475675447297,1
1551855869671124992,masaosaan,2022-07-26 09:04:06+00:00,#AWSDevLiveShow 次回はこちらです!!  「詳しい人に聞いてみよう」改め「サービスを止めないための技術を考える会 ~ストレージ編」です!! https://t.co/Xkn19CrlkI #AWSDevLiveShow,13,3,910,475,Twitter.com/masaosaan/status/1551855869671124992,1
1551854423554805760,Taro_aws,2022-07-26 08:58:21+00:00,バーチャルホスト設定はできたと思うが、、SSL適用がまたエラー多発。。まだまだ戦うぞー#駆け出しエンジニアと繋がりたい,11,0,25,10,Twitter.com/Taro_aws/status/1551854423554805760,1
1551823695043506176,NicolBo98241176,2022-07-26 06:56:15+00:00,"---資格取得経歴---2022/4 入社, LPIC-1取得2022/6 MS-900取得2022/7 AWS SAA取得👈2022/8 AWS CLF受験予定2022/10 AWS SAP受験予定1日の勉強時間目標→平日, 休日3hr~",14,0,46,64,Twitter.com/NicolBo98241176/status/1551823695043506176,1
1551818061216649216,ke_ni_,2022-07-26 06:33:51+00:00,今から喋る資料がこちらです！#DevelopersIO 「[目指せ上級者] 最強にセキュアなAWSアカウントの作り方」というタイトルでDevelopersIO 2022に登壇しました #devio2022 https://t.co/O5WMDpnRCG,51,8,741,753,Twitter.com/ke_ni_/status/1551818061216649216,1
1551803065484750848,_mossann_t,2022-07-26 05:34:16+00:00,今日の16:20 から登壇します！4月に出版された「AWSの知識地図」の、クラスメソッド企画・執筆チームの全員でお話しします。DevelopersIO 2022 技術で心を揺さぶる3日間 | クラスメソッド株式会社 https://t.co/spdjtThpmo,19,6,363,600,Twitter.com/_mossann_t/status/1551803065484750848,1
1551788011163365377,nkysyuichi,2022-07-26 04:34:27+00:00,クラメソがAWS始めた理由はなんですか社長「サーバ買う金がなかったから」www #devio2022,10,0,263,325,Twitter.com/nkysyuichi/status/1551788011163365377,1
1551782424019095552,beyond_recruit2,2022-07-26 04:12:15+00:00,インフラエンジニア関連💻Apacheの設定ファイルの中身が正しく書かれているか確認するコマンド。httpd -t→実行結果で『Syntax OK』と表示されれば問題ない。#Apache #インフラエンジニア#aws #駆け出しエンジニアと繋がりたい #人事 #採用担当 #エンジニア#エンジニア転職,16,0,111,145,Twitter.com/beyond_recruit2/status/1551782424019095552,1
1551772740713316352,kitazawa_xxx,2022-07-26 03:33:46+00:00,AWSのSAAの勉強中です！自分の思ったことをメモ程度にアウトプットしたり、SNSを通じていろんな人とお話するためにアカウント作りました。自分の視野や人脈を広げたりしたいので、是非フォローお願いします！#駆け出しエンジニアと繋がりたい #AWS,15,0,9,9,Twitter.com/kitazawa_xxx/status/1551772740713316352,1
1551727763673206785,bebebensan,2022-07-26 00:35:03+00:00,おはようございます！7月目標:AWS StepFunctions / Lambda / Pythonを連動させた仕組みと制御の理解タスク・環境定義書の確認（業務で構築された環境の理解）（4日目） #プログラミング #プログラミング学習  #エンジニア #エンジニア初心者 #駆け出しエンジニアと繋がりたい #今日の積み上げ,28,0,426,918,Twitter.com/bebebensan/status/1551727763673206785,1
1551699086818279425,takkunokkun,2022-07-25 22:41:06+00:00,awsポロシャツの人、目黒で降りれば本物だな。雰囲気は完全にエンジニア。,14,0,428,414,Twitter.com/takkunokkun/status/1551699086818279425,1
1551697839092158464,0614d_suke,2022-07-25 22:36:08+00:00,おはようございます！☀️ #今日の積み上げ･会社行く今日はクラスのインスタンス化について理解を深める #駆け出しエンジニアと繋がりたい #Webエンジニア #プログラミング初心者 #AWS  #JavaScript  #Vue,57,4,383,172,Twitter.com/0614d_suke/status/1551697839092158464,0
1551806670359400450,running4rabbit,2022-07-26 05:48:36+00:00,「slackとかgitとかモダンな開発やりたい」というお客様と付き合った時は地獄だった。どっかの外資系に騙されたのか、会社間のセキュリティ規定とかガン無視で夢物語しか言わんし。モダン開発は結構だが、規定面の丸投げはやめてくれ。あと、規定周りの調整コストを払ってくれ。タダ働きはせんぞ。,20,0,191,103,Twitter.com/running4rabbit/status/1551806670359400450,1
1551754530169036800,Ktennisweb,2022-07-26 02:21:24+00:00,今日やり切れば明日休み！！！仕事はしっかり頑張って、まずは午前中3時間！！これはやろうlivewire反復して、ちょっとずつ理解追いついてきたけど、まだまだわからんところばかりや😅あ、gitも毎日触るだけでもやるようにしよ#駆け出しエンジニアとつながりたい  #プログラミング初心者,12,0,53,89,Twitter.com/Ktennisweb/status/1551754530169036800,1
1551738496851001344,apex46494,2022-07-26 01:17:42+00:00,おはようございます！火曜日今日の目標PHP、laravel、DB、Git復習PHP(ショッピングカート作成)laravel (決済システム作成)今日は雨ですが、気合い入れて頑張っていきましょう！#駆け出しエンジニアと繋がりたい#プログラミング初心者,32,0,115,87,Twitter.com/apex46494/status/1551738496851001344,1
1551705390215491584,creater_kitsune,2022-07-25 23:06:08+00:00,おはようございます！7月も残りわずか！今日も積み上げます！#今日の積み上げ　✅本業✅事業サイトリニューアル　✅読書 Git入門　✅案件対応 Shopify#駆け出しエンジニアと繋がりたい,13,0,204,154,Twitter.com/creater_kitsune/status/1551705390215491584,0
1551587644227743744,lambda_robot,2022-07-25 15:18:16+00:00,スイッチサイエンスのブラシレスモーター。低速ハイトルクの割に小ぶりで低価格なので良い。取り付けにくさがなんとも勿体無い。ドキュメントの情報だけではcrc8がわかりにくいのでDDTのgitを参照しましょう。 https://t.co/fs1vn5Exfs,30,8,163,106,Twitter.com/lambda_robot/status/1551587644227743744,0
1551572155443576833,mimi_hokuro,2022-07-25 14:16:43+00:00,Gitって学べば学ぶほどチーム開発やりたくなるな。個人開発も同然なワンオペ環境だとコード管理はできるけどGitの良さが活かせないな#Git #駆け出しエンジニアと繋がりたい #プログラミング勉強中,72,2,61,146,Twitter.com/mimi_hokuro/status/1551572155443576833,1
1551567597342052352,ganbarukomachi,2022-07-25 13:58:36+00:00,Gitの勉強を1から始めるに当たって色々調べてた所、Udemyでかめさん(@usdatascientist )のGit講座を購入して勉強を始めました。今のところSection5のブランチとマージまで進みましたが、とにかく丁寧に説明してくださるのが印象的で、とてもわかりやすいです。,44,5,8,44,Twitter.com/ganbarukomachi/status/1551567597342052352,1
1551533127637803009,kemicch,2022-07-25 11:41:38+00:00,day26: 2h30mtotal: 127h40m環境構築 Gitのコミット履歴の確認など今日1日机に座ってたはずなんですが、Vimハラ動画見てそっち調べてたら夜になってました😇明日は1日移動だったり病院だったりなので、上手いこと短いスキマ時間で勉強頑張ります！,11,0,172,150,Twitter.com/kemicch/status/1551533127637803009,1
1551490779721650176,apex46494,2022-07-25 08:53:21+00:00,こんにちは！金曜日今日の目標PHP、laravel、DB、Git復習おつかれさまです👍また、この度副業で案件に入ることが出来ました！入れたのは、今まで支えて下さった方のお陰です。本当にありがとうございます！#駆け出しエンジニアと繋がりたい#プログラミング初心者,27,0,115,87,Twitter.com/apex46494/status/1551490779721650176,1
1551489805350891520,fukufukumaru36,2022-07-25 08:49:29+00:00,173日目✅Git・GitHub情報収集 ∟GitインストールVSCodeと連携して使ってみることにしました。が…nameを設定したけど履歴で確認できない…conflictさせてmergeしてもpushできずエラーで進めなくなる…git reset —mergeもできてない？？やっぱりツール入れて試してみるかあぁ😵‍💫#Web制作,10,0,90,74,Twitter.com/fukufukumaru36/status/1551489805350891520,0
1551473635814428672,mame_ken_web,2022-07-25 07:45:14+00:00,世界のアオキさん⁦@aoki_monpro⁩ のudemyの講座も分かりやすいし時間も長すぎず自分のような初心者でも完走しやすくてオススメです！【Git/GitHub】【初心者向け】最短で実践力を身につけよう【VSCode】イメージ図たっぷり【わかりやすさ重視】 https://t.co/usmD2kjUHh https://t.co/tDuP0ouZzj,13,3,48,27,Twitter.com/mame_ken_web/status/1551473635814428672,1
1551466803959762944,Satoshi_ax321,2022-07-25 07:18:05+00:00,今日もちゃんとマージできまひたん✨#Web制作#GitHub#Git https://t.co/nxjMYW3ZHf,14,0,412,535,Twitter.com/Satoshi_ax321/status/1551466803959762944,1
1551441832105877504,yasuses,2022-07-25 05:38:51+00:00,"Flutterの要員様営業されている方いませんか？必須スキルは下記になります。・Webアプリの開発経験・Flutterでの開発経験・Gitでの開発経験8,9,10月で13名募集の案件になるのでいたらご紹介いただきたいです！",16,1,367,357,Twitter.com/yasuses/status/1551441832105877504,1
1551388389882359808,zinbe,2022-07-25 02:06:30+00:00,皆さん、少なくとも『いちばんやさしいGit&amp;GitHubの教本』は良い本なので、「あのシリーズかぁ」とか思わずに信頼して良いですよ。 https://t.co/xVQDNzpW6N,15,4,932,841,Twitter.com/zinbe/status/1551388389882359808,1
1551343054392803328,creater_kitsune,2022-07-24 23:06:21+00:00,おはようございます！休み明けも積み上げます！CSS設計を考えつつ、コーディングしていきます😊#今日の積み上げ　✅本業✅事業サイトリニューアル　✅読書 Git入門#駆け出しエンジニアと繋がりたい,11,0,204,154,Twitter.com/creater_kitsune/status/1551343054392803328,0
1551325601272832001,daisuke_web0907,2022-07-24 21:57:00+00:00,決めた色々勉強するよりとりあえずGitに焦点を当てよう効率良くするためにはまず「やらないことを決める」これは鉄板終わって余力あったら次ね！,10,0,352,410,Twitter.com/daisuke_web0907/status/1551325601272832001,1
1551221363025022976,shamsakasu,2022-07-24 15:02:47+00:00,74日目:4h 75日目:1h30m【合計242h50m】学習内容Rails基礎2明日の目標Rails基礎3gitの操作が曖昧で不安でしたが、少し調べてだいぶわかるようになりました。少しずつ課題が出来上がるのとても嬉しい。。#RUNTEQ #1000時間チャレンジ,14,0,169,216,Twitter.com/shamsakasu/status/1551221363025022976,1
1551218685985329152,yuita_0360,2022-07-24 14:52:09+00:00,7/246時間(total:98.5時間)rails実践基礎言語についてもそうですがGitについてもっと勉強しないとな〜と感じました。色々並行しながら勉強して、網羅的に知識をつけていきます！#RUNTEQ #1000時間チャレンジ,11,0,94,88,Twitter.com/yuita_0360/status/1551218685985329152,1
1551206288171737089,creater_kitsune,2022-07-24 14:02:53+00:00,お疲れ様です！城崎温泉から帰宅後、作業に没頭💦明日からも頑張ります！#今日の積み上げ　✅事業サイトリニューアルコーディング✅Shopify Liquid学習✅読書 Git使い方入門#駆け出しエンジニアと繋がりたい,12,0,204,154,Twitter.com/creater_kitsune/status/1551206288171737089,0
1551193900097777666,kei_fujii0901,2022-07-24 13:13:40+00:00,72日目😁今日の学習内容（7h）✅データベース・SQL基礎全て、Ruby復習、Discord輪読会、Gitわかばちゃん明日の学習予定✅Ruby基礎　簡単なアルゴリズムを身につけよう今日のひとこと✅やりたかったこと全部出来て満足です😁#RUNTEQ　#1000時間チャレンジ,17,0,70,54,Twitter.com/kei_fujii0901/status/1551193900097777666,0
1551188771093168128,Satoshi_ax321,2022-07-24 12:53:17+00:00,CSS設計を適切に学ぶことで、少なくともHTMLのコーディングはとんでもなく早くなります。ぼくは大体1ページくらいなら2~3時間で書けるようになってるかな。まだまだ早くて正確な人も居るだろうからもっと突き詰めていきたい。GitHubのマージもプルリクエストも無事完了！#Web制作#GitHub#git,10,0,412,535,Twitter.com/Satoshi_ax321/status/1551188771093168128,1
1551184238896365568,kemicch,2022-07-24 12:35:16+00:00,day25: 5h10mtotal: 125h10mRuby入門終了、Gitの環境構築。ターミナルに書いてある内容がほんの一欠片程度ですが、わかるようになってきました。,12,0,172,150,Twitter.com/kemicch/status/1551184238896365568,1
